profile_id,canonical_name,canonical_key,catalog_class,catalog_reason,total_mentions,total_chunks,total_works,matched_chunk_count,matched_work_count,variant_count,collections,topic_families,variants,top_plant_parts,top_preparations,top_conditions,top_cautions,top_supporting_works,source_family_refs
seed-lemon,Lemon,lemon,culinary-medicinal-plant,curated-high-confidence-seed-term,7210,6659,757,6659,757,2,nlm-digital-collections;project-gutenberg;wellcome-collection,botanic-medicine;botany;convalescence;culinary-herbs;cultivation;dietetics;domestic-medicine;herbal;household-health;hygiene;materia-medica;medical-botany;medicinal-plants;nursing;pharmacopoeia;public-health,Lemon;Lemons,Fruit;Bark;Root;Flower;Leaf,Juice;Oil;Syrup;Powder;Tea,Fever;Cold or catarrh;Vomiting or nausea;Diarrhoea or looseness;Inflammation,Dose caution;Bleeding caution;Narcotic or sedative caution;Child-use caution;Fatal-risk warning,wellcome-ujbsp48n;wellcome-vcp6d7za;wellcome-q648cs3p;wellcome-m8qd4bew;nlm-2702091R,term-lemon-f464d7d71c#lemon
seed-orange,Orange,orange,culinary-medicinal-plant,curated-high-confidence-seed-term,2773,2614,564,2614,564,6,nlm-digital-collections;project-gutenberg;wellcome-collection,botany;culinary-herbs;cultivation;dietetics;domestic-medicine;herbal;household-health;hygiene;materia-medica;medical-botany;medicinal-plants;nursing;pharmacopoeia;public-health,Orange;Oranges;Orange Flowers;Orange Flower;Orange Berries;Orange Berry,Flower;Root;Fruit;Bark;Leaf,Juice;Syrup;Oil;Tea;Powder,Fever;Cold or catarrh;Vomiting or nausea;Diarrhoea or looseness;Epilepsy or convulsions,Dose caution;Narcotic or sedative caution;Child-use caution;Bleeding caution;Toxicity watch,wellcome-ujbsp48n;wellcome-vcp6d7za;wellcome-q648cs3p;wellcome-dkebu9hu;wellcome-bsnmkdkc,term-orange-1b4c9133da#orange
seed-violet,Violet,violet,culinary-medicinal-plant,curated-high-confidence-seed-term,1306,1211,318,1211,318,4,nlm-digital-collections;project-gutenberg;wellcome-collection,botany;culinary-herbs;cultivation;dietetics;domestic-medicine;herbal;household-health;hygiene;materia-medica;medical-botany;medicinal-plants;nursing;pharmacopoeia,Violet;Violets;Violet Flowers;Violet Flower,Flower;Leaf;Root;Seed;Gum,Syrup;Oil;Juice;Powder;Tincture,Cold or catarrh;Cough;Wounds or ulcers;Fever;Vomiting or nausea,Dose caution;Child-use caution;Narcotic or sedative caution;Toxicity watch;Bleeding caution,wellcome-ujbsp48n;nlm-2751057R;wellcome-kxejz6hv;pg-49513;wellcome-c4ncu7qz,term-violet-22d2084f01#violet
seed-anise,Anise,anise,culinary-medicinal-plant,curated-high-confidence-seed-term,1268,1135,347,1135,347,1,nlm-digital-collections;project-gutenberg;wellcome-collection,botanic-medicine;botany;convalescence;culinary-herbs;cultivation;dietetics;domestic-medicine;herbal;household-health;hygiene;materia-medica;medical-botany;medicinal-plants;nursing;pharmacopoeia;public-health,Anise,Seed;Root;Bark;Gum;Leaf,Oil;Tincture;Powder;Tea;Essence,Cough;Cold or catarrh;Colic;Vomiting or nausea;Fever,Dose caution;Narcotic or sedative caution;Child-use caution;Toxicity watch;Fatal-risk warning,wellcome-ujbsp48n;wellcome-dvdzaqep;nlm-61820150R;wellcome-dkebu9hu;wellcome-fwzua59q,term-anise-a56fc8aaf1#anise
seed-caraway,Caraway,caraway,culinary-medicinal-plant,curated-high-confidence-seed-term,1205,1092,313,1092,313,2,nlm-digital-collections;project-gutenberg;wellcome-collection,botanic-medicine;botany;culinary-herbs;cultivation;dietetics;domestic-medicine;herbal;household-health;hygiene;materia-medica;medical-botany;medicinal-plants;nursing;pharmacopoeia;public-health,Caraway;Caraways,Seed;Root;Leaf;Berry;Flower,Oil;Powder;Syrup;Pill;Tincture,Cold or catarrh;Colic;Diarrhoea or looseness;Cough;Wounds or ulcers,Dose caution;Narcotic or sedative caution;Child-use caution;Toxicity watch;Allergy or sensitivity caution,wellcome-q648cs3p;wellcome-ujbsp48n;wellcome-dwk6bbmw;wellcome-c3u76kss;wellcome-nhx2ne6y,term-caraway-8d92bcadd1#caraway
seed-fennel,Fennel,fennel,culinary-medicinal-plant,curated-high-confidence-seed-term,1059,1012,391,1012,391,1,nlm-digital-collections;project-gutenberg;wellcome-collection,botany;convalescence;culinary-herbs;cultivation;dietetics;domestic-medicine;herbal;household-health;hygiene;materia-medica;medical-botany;medicinal-plants;nursing;pharmacopoeia;public-health,Fennel,Seed;Root;Leaf;Flower;Berry,Oil;Powder;Juice;Syrup;Tea,Cold or catarrh;Wounds or ulcers;Fever;Colic;Dropsy,Dose caution;Child-use caution;Narcotic or sedative caution;Toxicity watch;Allergy or sensitivity caution,wellcome-ujbsp48n;nlm-63610340R;wellcome-q648cs3p;wellcome-takhmyez;wellcome-cfrchse5,term-fennel-1e36798f67#fennel
seed-rosemary,Rosemary,rosemary,culinary-medicinal-plant,curated-high-confidence-seed-term,984,886,315,886,315,2,nlm-digital-collections;project-gutenberg;wellcome-collection,botany;culinary-herbs;cultivation;dietetics;domestic-medicine;herbal;household-health;hygiene;materia-medica;medical-botany;medicinal-plants;nursing;pharmacopoeia;public-health,Rosemary;Rosemary Flowers,Flower;Root;Leaf;Seed;Tops,Oil;Tincture;Liniment;Powder;Bath,Cold or catarrh;Rheumatism;Wounds or ulcers;Cough;Colic,Dose caution;Narcotic or sedative caution;Child-use caution;Toxicity watch;Fatal-risk warning,wellcome-ujbsp48n;wellcome-q648cs3p;wellcome-yfu6989c;wellcome-fwzua59q;wellcome-ctkumbc4,term-rosemary-f5b1f644f7#rosemary
seed-mint,Mint,mint,culinary-medicinal-plant,curated-high-confidence-seed-term,911,845,370,845,370,2,nlm-digital-collections;project-gutenberg;wellcome-collection,botanic-medicine;botany;culinary-herbs;cultivation;dietetics;domestic-medicine;herbal;household-health;hygiene;materia-medica;medical-botany;medicinal-plants;nursing;pharmacopoeia,Mint;Mints,Gum;Leaf;Root;Bark;Seed,Oil;Powder;Tea;Syrup;Plaster,Vomiting or nausea;Cold or catarrh;Rheumatism;Fever;Diarrhoea or looseness,Dose caution;Narcotic or sedative caution;Child-use caution;Allergy or sensitivity caution;Bleeding caution,wellcome-ujbsp48n;wellcome-a264n73x;wellcome-takhmyez;wellcome-vcp6d7za;nlm-64210130R,term-mint-dc6f17bbec#mint
seed-sage,Sage,sage,culinary-medicinal-plant,curated-high-confidence-seed-term,736,656,319,656,319,1,nlm-digital-collections;project-gutenberg;wellcome-collection,botany;convalescence;culinary-herbs;cultivation;dietetics;domestic-medicine;herbal;household-health;hygiene;materia-medica;medical-botany;medicinal-plants;nursing;pharmacopoeia;public-health,Sage,Leaf;Flower;Root;Bark;Seed,Tea;Infusion;Gargle;Decoction;Tincture,Cold or catarrh;Fever;Vomiting or nausea;Wounds or ulcers;Cough,Dose caution;Child-use caution;Bleeding caution;Narcotic or sedative caution;Allergy or sensitivity caution,wellcome-ujbsp48n;nlm-100912803;nlm-63570990R;wellcome-m43ephex;nlm-0140313,term-sage-7e5d4325a4#sage
seed-spearmint,Spearmint,spearmint,culinary-medicinal-plant,manual-curator-promoted-specific-family,547,497,214,497,214,1,nlm-digital-collections;project-gutenberg;wellcome-collection,botanic-medicine;botany;cultivation;dietetics;domestic-medicine;herbal;household-health;hygiene;materia-medica;medical-botany;medicinal-plants;nursing;pharmacopoeia,Spearmint,Leaf;Root;Bark;Flower;Seed,Oil;Tea;Infusion;Tincture;Essence,Vomiting or nausea;Cold or catarrh;Inflammation;Fever;Colic,Dose caution;Child-use caution;Narcotic or sedative caution;Allergy or sensitivity caution;Fatal-risk warning,nlm-63580630R;wellcome-jamxx58n;nlm-64210130R;nlm-61660590R;nlm-101485225,term-spearmint-509c701f67#spearmint
seed-parsley,Parsley,parsley,culinary-medicinal-plant,curated-high-confidence-seed-term,279,271,153,271,153,1,nlm-digital-collections;project-gutenberg;wellcome-collection,botanic-medicine;botany;culinary-herbs;cultivation;dietetics;domestic-medicine;herbal;household-health;hygiene;materia-medica;medical-botany;medicinal-plants;nursing;pharmacopoeia;public-health,Parsley,Root;Seed;Leaf;Berry;Bark,Oil;Juice;Infusion;Tea;Decoction,Dropsy;Fever;Vomiting or nausea;Inflammation;Cold or catarrh,Dose caution;Narcotic or sedative caution;Toxicity watch;Fatal-risk warning;Child-use caution,nlm-63580630R;wellcome-vcp6d7za;pg-19352;nlm-63610340R;wellcome-yyu6fnvg,term-parsley-2c8dcb8d7d#parsley
seed-thyme,Thyme,thyme,culinary-medicinal-plant,curated-high-confidence-seed-term,268,249,147,249,147,1,nlm-digital-collections;project-gutenberg;wellcome-collection,botany;culinary-herbs;cultivation;dietetics;domestic-medicine;herbal;household-health;hygiene;materia-medica;medical-botany;medicinal-plants;nursing;pharmacopoeia,Thyme,Flower;Leaf;Resin;Root;Gum,Oil;Powder;Ointment;Essence;Liniment,Cold or catarrh;Rheumatism;Cough;Wounds or ulcers;Colic,Dose caution;Narcotic or sedative caution;Child-use caution;Toxicity watch;Allergy or sensitivity caution,wellcome-ujbsp48n;wellcome-pybf3nye;wellcome-q648cs3p;wellcome-usxe87yv;wellcome-zvb4nnsd,term-thyme-965b46f5fa#thyme
seed-borage,Borage,borage,culinary-medicinal-plant,curated-high-confidence-seed-term,67,63,32,63,32,1,nlm-digital-collections;project-gutenberg;wellcome-collection,botany;culinary-herbs;cultivation;domestic-medicine;herbal;hygiene;materia-medica;medicinal-plants;pharmacopoeia,Borage,Leaf;Flower;Root;Seed;Berry,Syrup;Juice;Extract;Infusion;Decoction,Cold or catarrh;Cough;Fever;Inflammation;Cholera,Dose caution;Narcotic or sedative caution;Child-use caution;Toxicity watch;Bleeding caution,wellcome-ujbsp48n;wellcome-agdnfevh;wellcome-q648cs3p;wellcome-takhmyez;wellcome-n9cbm5vq,term-borage-2421092ed9#borage
seed-chicory,Chicory,chicory,culinary-medicinal-plant,curated-high-confidence-seed-term,22,22,18,22,18,1,nlm-digital-collections;project-gutenberg;wellcome-collection,botany;culinary-herbs;cultivation;domestic-medicine;herbal;household-health;hygiene;materia-medica;pharmacopoeia;public-health,Chicory,Root;Berry;Flower;Bark;Leaf,Infusion;Juice;Oil;Extract;Syrup,Fever;Diarrhoea or looseness;Headache;Colic;Consumption,Dose caution;Child-use caution,nlm-63610340R;wellcome-q648cs3p;nlm-0222600;wellcome-vap2a7m4;wellcome-zeubyvsm,term-chicory-7dc6841f08#chicory
seed-olive,Olive,olive,medicinal-herb,curated-high-confidence-seed-term,5996,5239,754,5239,754,2,nlm-digital-collections;project-gutenberg;wellcome-collection,botanic-medicine;botany;convalescence;cultivation;dietetics;domestic-medicine;herbal;household-health;hygiene;materia-medica;medical-botany;medicinal-plants;nursing;pharmacopoeia;public-health,Olive;Olives,Resin;Seed;Root;Leaf;Flower,Oil;Ointment;Powder;Plaster;Liniment,Cold or catarrh;Wounds or ulcers;Inflammation;Cough;Rheumatism,Dose caution;Narcotic or sedative caution;Child-use caution;Allergy or sensitivity caution;Toxicity watch,wellcome-ujbsp48n;wellcome-q648cs3p;wellcome-wghdhhgb;wellcome-dwk6bbmw;wellcome-dkebu9hu,term-olive-fa65983171#olive
seed-chamomile,Chamomile,chamomile,medicinal-herb,curated-high-confidence-seed-term,4124,3740,671,3740,671,7,nlm-digital-collections;project-gutenberg;wellcome-collection,botany;convalescence;cultivation;dietetics;domestic-medicine;herbal;household-health;hygiene;materia-medica;medical-botany;medicinal-plants;nursing;pharmacopoeia,Chamomile;Camomile;Camomile Flowers;Chamomile Flowers;Camo- Mile;Camo- Mile Flowers;Camomile Flower,Flower;Root;Bark;Leaf;Seed,Oil;Infusion;Decoction;Tea;Powder,Vomiting or nausea;Cold or catarrh;Fever;Inflammation;Wounds or ulcers,Dose caution;Narcotic or sedative caution;Bleeding caution;Child-use caution;Toxicity watch,wellcome-ujbsp48n;nlm-63610340R;wellcome-fye8pzgm;nlm-0217315;nlm-0217404,term-chamomile-2c74f1d403#chamomile
seed-licorice,Licorice,licorice,medicinal-herb,curated-high-confidence-seed-term,4124,3727,628,3727,628,2,nlm-digital-collections;project-gutenberg;wellcome-collection,botanic-medicine;botany;convalescence;cultivation;dietetics;domestic-medicine;herbal;household-health;hygiene;materia-medica;medical-botany;medicinal-plants;nursing;pharmacopoeia;public-health,Licorice;Liquorice,Root;Gum;Seed;Bark;Leaf,Extract;Powder;Decoction;Pill;Syrup,Cold or catarrh;Cough;Fever;Wounds or ulcers;Rheumatism,Dose caution;Narcotic or sedative caution;Child-use caution;Bleeding caution;Allergy or sensitivity caution,wellcome-ujbsp48n;wellcome-q648cs3p;wellcome-nhx2ne6y;wellcome-x5urdxkm;wellcome-wghdhhgb,term-licorice-8a60896fe1#licorice
seed-castor,Castor,castor,medicinal-herb,curated-high-confidence-seed-term,3947,3608,625,3608,625,1,nlm-digital-collections;project-gutenberg;wellcome-collection,botanic-medicine;botany;convalescence;cultivation;dietetics;domestic-medicine;herbal;household-health;hygiene;materia-medica;medical-botany;medicinal-plants;nursing;pharmacopoeia;public-health,Castor,Seed;Root;Bark;Leaf;Gum,Oil;Tincture;Powder;Tea;Pill,Cold or catarrh;Vomiting or nausea;Diarrhoea or looseness;Fever;Constipation,Dose caution;Narcotic or sedative caution;Child-use caution;Bleeding caution;Allergy or sensitivity caution,wellcome-ujbsp48n;wellcome-a7hj5sbp;wellcome-dkebu9hu;nlm-63580420R;wellcome-q648cs3p,term-castor-59ade5a471#castor
seed-senna,Senna,senna,medicinal-herb,curated-high-confidence-seed-term,3644,3232,510,3232,510,1,nlm-digital-collections;project-gutenberg;wellcome-collection,botany;convalescence;cultivation;dietetics;domestic-medicine;herbal;household-health;hygiene;materia-medica;medical-botany;medicinal-plants;nursing;pharmacopoeia,Senna,Leaf;Root;Seed;Bark;Gum,Infusion;Tincture;Syrup;Powder;Oil,Cold or catarrh;Fever;Vomiting or nausea;Diarrhoea or looseness;Inflammation,Dose caution;Child-use caution;Narcotic or sedative caution;Bleeding caution;Toxicity watch,wellcome-ujbsp48n;wellcome-cs5n98hu;wellcome-jmh3m2rt;wellcome-kxa3abey;nlm-0217317,term-senna-4a2a663f1b#senna
seed-rose,Rose,rose,medicinal-herb,curated-high-confidence-seed-term,3126,2860,495,2860,495,2,nlm-digital-collections;project-gutenberg;wellcome-collection,botany;cultivation;dietetics;domestic-medicine;herbal;household-health;hygiene;materia-medica;medical-botany;medicinal-plants;nursing;pharmacopoeia;public-health,Rose;Roses,Leaf;Root;Bark;Flower;Seed,Oil;Infusion;Tincture;Syrup;Juice,Wounds or ulcers;Cold or catarrh;Fever;Inflammation;Vomiting or nausea,Dose caution;Bleeding caution;Child-use caution;Narcotic or sedative caution;Toxicity watch,wellcome-ujbsp48n;pg-49513;wellcome-vcp6d7za;wellcome-pjvn9c9z;wellcome-e58dfqw4,term-rose-618d663af0#rose
seed-gentian,Gentian,gentian,medicinal-herb,curated-high-confidence-seed-term,2966,2752,616,2752,616,1,nlm-digital-collections;project-gutenberg;wellcome-collection,botanic-medicine;botany;convalescence;cultivation;dietetics;domestic-medicine;herbal;household-health;hygiene;materia-medica;medical-botany;medicinal-plants;nursing;pharmacopoeia,Gentian,Root;Bark;Seed;Gum;Flower,Extract;Pill;Infusion;Powder;Tincture,Cold or catarrh;Fever;Vomiting or nausea;Gout;Cough,Dose caution;Narcotic or sedative caution;Child-use caution;Bleeding caution;Toxicity watch,wellcome-ujbsp48n;wellcome-g8fcur54;wellcome-n7jvnwj6;wellcome-ump8j3f6;wellcome-j284bqe4,term-gentian-b061a5f0c5#gentian
seed-linseed,Linseed,linseed,medicinal-herb,curated-high-confidence-seed-term,2811,2617,592,2617,592,4,nlm-digital-collections;project-gutenberg;wellcome-collection,botanic-medicine;botany;convalescence;cultivation;dietetics;domestic-medicine;herbal;household-health;hygiene;materia-medica;medical-botany;medicinal-plants;nursing;pharmacopoeia;public-health,Linseed;Flaxseed;Flax-seed;Linseeds,Seed;Root;Gum;Bark;Leaf,Oil;Tea;Infusion;Decoction;Poultice,Cold or catarrh;Wounds or ulcers;Cough;Inflammation;Fever,Dose caution;Narcotic or sedative caution;Child-use caution;Allergy or sensitivity caution;Bleeding caution,wellcome-ujbsp48n;wellcome-dkebu9hu;nlm-63580420R;nlm-63610340R;wellcome-q648cs3p,term-flax-seed-f9d3db5710#flax-seed;term-flaxseed-15cbc763bf#flaxseed;term-linseed-49423df732#linseed
seed-cinnamon,Cinnamon,cinnamon,medicinal-herb,curated-high-confidence-seed-term,2926,2615,521,2615,521,2,nlm-digital-collections;project-gutenberg;wellcome-collection,botanic-medicine;botany;convalescence;cultivation;dietetics;domestic-medicine;herbal;household-health;hygiene;materia-medica;medical-botany;medicinal-plants;nursing;pharmacopoeia;public-health,Cinnamon;Cinnamon Flower,Bark;Root;Seed;Gum;Leaf,Oil;Powder;Tincture;Syrup;Extract,Cold or catarrh;Diarrhoea or looseness;Vomiting or nausea;Fever;Dysentery,Dose caution;Narcotic or sedative caution;Child-use caution;Bleeding caution;Allergy or sensitivity caution,wellcome-ujbsp48n;wellcome-dkebu9hu;wellcome-nhx2ne6y;wellcome-dwk6bbmw;wellcome-a264n73x,term-cinnamon-6011d7a8f3#cinnamon
seed-ginger,Ginger,ginger,medicinal-herb,curated-high-confidence-seed-term,2509,2276,502,2276,502,1,nlm-digital-collections;project-gutenberg;wellcome-collection,botanic-medicine;botany;convalescence;cultivation;dietetics;domestic-medicine;herbal;household-health;hygiene;materia-medica;medical-botany;medicinal-plants;nursing;pharmacopoeia;public-health,Ginger,Root;Seed;Bark;Gum;Leaf,Syrup;Powder;Tincture;Tea;Oil,Cold or catarrh;Fever;Vomiting or nausea;Diarrhoea or looseness;Colic,Dose caution;Narcotic or sedative caution;Child-use caution;Bleeding caution;Allergy or sensitivity caution,wellcome-ujbsp48n;wellcome-cs5n98hu;wellcome-jmh3m2rt;wellcome-dkebu9hu;nlm-63560150R,term-ginger-08ddff4ebe#ginger
seed-mustard,Mustard,mustard,medicinal-herb,curated-high-confidence-seed-term,2412,2238,582,2238,582,1,nlm-digital-collections;project-gutenberg;wellcome-collection,botany;convalescence;cultivation;dietetics;domestic-medicine;herbal;household-health;hygiene;materia-medica;medical-botany;medicinal-plants;nursing;pharmacopoeia;public-health,Mustard,Seed;Root;Leaf;Bark;Flower,Poultice;Oil;Plaster;Powder;Tea,Cold or catarrh;Fever;Vomiting or nausea;Inflammation;Rheumatism,Dose caution;Narcotic or sedative caution;Child-use caution;Bleeding caution;Allergy or sensitivity caution,wellcome-thwh6g2c;nlm-63580630R;nlm-63620310R;nlm-63610340R;nlm-101485225,term-mustard-352b5b6699#mustard
seed-rhubarb,Rhubarb,rhubarb,medicinal-herb,curated-high-confidence-seed-term,2617,2226,552,2226,552,1,nlm-digital-collections;project-gutenberg;wellcome-collection,botany;convalescence;cultivation;dietetics;domestic-medicine;herbal;household-health;hygiene;materia-medica;medical-botany;medicinal-plants;nursing;pharmacopoeia,Rhubarb,Root;Seed;Bark;Gum;Leaf,Tincture;Powder;Syrup;Infusion;Oil,Cold or catarrh;Diarrhoea or looseness;Vomiting or nausea;Fever;Constipation,Dose caution;Narcotic or sedative caution;Child-use caution;Bleeding caution;Allergy or sensitivity caution,wellcome-ujbsp48n;nlm-63580630R;nlm-61660590R;wellcome-cs5n98hu;wellcome-thwh6g2c,term-rhubarb-b3f487fbc1#rhubarb
seed-almond,Almond,almond,medicinal-herb,curated-high-confidence-seed-term,2416,2186,595,2186,595,2,nlm-digital-collections;project-gutenberg;wellcome-collection,botany;cultivation;dietetics;domestic-medicine;herbal;household-health;hygiene;materia-medica;medical-botany;medicinal-plants;nursing;pharmacopoeia;public-health,Almond;Almonds,Gum;Seed;Flower;Root;Leaf,Oil;Powder;Ointment;Syrup;Tincture,Cold or catarrh;Cough;Wounds or ulcers;Inflammation;Vomiting or nausea,Dose caution;Narcotic or sedative caution;Child-use caution;Allergy or sensitivity caution;Toxicity watch,wellcome-ujbsp48n;wellcome-q648cs3p;wellcome-dkebu9hu;wellcome-fwzua59q;wellcome-ctkumbc4,term-almond-90e62b92a9#almond
seed-poppy,Poppy,poppy,medicinal-herb,curated-high-confidence-seed-term,2273,2164,509,2164,509,3,nlm-digital-collections;project-gutenberg;wellcome-collection,botany;convalescence;cultivation;dietetics;domestic-medicine;herbal;household-health;hygiene;materia-medica;medical-botany;medicinal-plants;nursing;pharmacopoeia;public-health,Poppy;Poppies;Poppy Flower,Seed;Leaf;Gum;Root;Flower,Syrup;Juice;Oil;Decoction;Powder,Cough;Cold or catarrh;Vomiting or nausea;Inflammation;Fever,Narcotic or sedative caution;Dose caution;Child-use caution;Bleeding caution;Allergy or sensitivity caution,wellcome-ujbsp48n;wellcome-z5ek83nf;wellcome-cs5n98hu;nlm-63620420R;wellcome-q648cs3p,term-poppy-76c32abc03#poppy
seed-clove,Clove,clove,medicinal-herb,curated-high-confidence-seed-term,2346,2097,522,2097,522,2,nlm-digital-collections;project-gutenberg;wellcome-collection,botanic-medicine;botany;convalescence;cultivation;dietetics;domestic-medicine;herbal;household-health;hygiene;materia-medica;medical-botany;medicinal-plants;nursing;pharmacopoeia;public-health,Clove;Cloves,Root;Bark;Gum;Flower;Leaf,Oil;Powder;Pill;Syrup;Extract,Cold or catarrh;Cough;Vomiting or nausea;Diarrhoea or looseness;Constipation,Dose caution;Narcotic or sedative caution;Child-use caution;Allergy or sensitivity caution;Pregnancy caution,wellcome-ujbsp48n;wellcome-q648cs3p;wellcome-a264n73x;wellcome-takhmyez;wellcome-fbvqhy9j,term-clove-9e8c973146#clove
seed-juniper,Juniper,juniper,medicinal-herb,curated-high-confidence-seed-term,2152,1968,584,1968,584,3,nlm-digital-collections;project-gutenberg;wellcome-collection,botanic-medicine;botany;convalescence;cultivation;dietetics;domestic-medicine;herbal;household-health;hygiene;materia-medica;medical-botany;medicinal-plants;nursing;pharmacopoeia;public-health,Juniper;Juniper Berries;Juniper Tops,Berry;Root;Seed;Gum;Leaf,Oil;Powder;Pill;Extract;Infusion,Cold or catarrh;Dropsy;Wounds or ulcers;Fever;Cough,Dose caution;Narcotic or sedative caution;Child-use caution;Toxicity watch;Bleeding caution,wellcome-ujbsp48n;wellcome-q648cs3p;nlm-2751057R;wellcome-takhmyez;wellcome-b4n9x8yx,term-juniper-17840323ea#juniper
seed-lobelia,Lobelia,lobelia,medicinal-herb,curated-high-confidence-seed-term,1849,1669,235,1669,235,2,nlm-digital-collections;project-gutenberg;wellcome-collection,botanic-medicine;botany;convalescence;dietetics;domestic-medicine;herbal;household-health;hygiene;materia-medica;medical-botany;medicinal-plants;nursing;pharmacopoeia,Lobelia;Lobelia Herb,Root;Seed;Leaf;Bark;Gum,Tincture;Tea;Powder;Emetic;Oil,Vomiting or nausea;Cold or catarrh;Cough;Wounds or ulcers;Fever,Dose caution;Child-use caution;Narcotic or sedative caution;Toxicity watch;Fatal-risk warning,nlm-63580630R;nlm-9435910;wellcome-mv32s6ry;nlm-7704741;wellcome-q59tmjuk,term-lobelia-d4b4ae22fc#lobelia
seed-peppermint,Peppermint,peppermint,medicinal-herb,curated-high-confidence-seed-term,1829,1662,450,1662,450,2,nlm-digital-collections;project-gutenberg;wellcome-collection,botanic-medicine;botany;convalescence;cultivation;dietetics;domestic-medicine;herbal;household-health;hygiene;materia-medica;medical-botany;medicinal-plants;nursing;pharmacopoeia;public-health,Peppermint;Peppermint Herb,Root;Leaf;Bark;Gum;Flower,Oil;Essence;Powder;Tea;Tincture,Vomiting or nausea;Cold or catarrh;Colic;Fever;Diarrhoea or looseness,Dose caution;Narcotic or sedative caution;Child-use caution;Allergy or sensitivity caution;Bleeding caution,wellcome-ujbsp48n;wellcome-xjgggnw8;wellcome-jamxx58n;wellcome-q648cs3p;wellcome-dkebu9hu,term-peppermint-fe05d9917b#peppermint
seed-aloe,Aloe,aloe,medicinal-herb,curated-high-confidence-seed-term,1852,1642,423,1642,423,2,nlm-digital-collections;project-gutenberg;wellcome-collection,botany;convalescence;cultivation;dietetics;domestic-medicine;herbal;household-health;hygiene;materia-medica;medical-botany;medicinal-plants;nursing;pharmacopoeia,Aloe;Aloes,Bark;Gum;Root;Resin;Seed,Tincture;Extract;Powder;Decoction;Pill,Wounds or ulcers;Constipation;Cold or catarrh;Inflammation;Fever,Dose caution;Narcotic or sedative caution;Child-use caution;Toxicity watch;Pregnancy caution,wellcome-ujbsp48n;wellcome-cs5n98hu;wellcome-q648cs3p;wellcome-n7jvnwj6;wellcome-z5ek83nf,term-aloe-8d3287c6fb#aloe
seed-hemlock,Hemlock,hemlock,medicinal-herb,curated-high-confidence-seed-term,1832,1632,464,1632,464,2,nlm-digital-collections;project-gutenberg;wellcome-collection,botanic-medicine;botany;cultivation;dietetics;domestic-medicine;herbal;household-health;hygiene;materia-medica;medical-botany;medicinal-plants;nursing;pharmacopoeia,Hemlock;Hemlock Gum,Leaf;Bark;Root;Gum;Seed,Extract;Powder;Pill;Oil;Tincture,Wounds or ulcers;Cold or catarrh;Rheumatism;Cough;Inflammation,Dose caution;Narcotic or sedative caution;Toxicity watch;Child-use caution;Allergy or sensitivity caution,wellcome-ujbsp48n;wellcome-n7jvnwj6;wellcome-g8fcur54;wellcome-q648cs3p;wellcome-b483zydr,term-hemlock-b0252dc49a#hemlock
seed-cardamom,Cardamom,cardamom,medicinal-herb,curated-high-confidence-seed-term,1784,1606,349,1606,349,2,nlm-digital-collections;project-gutenberg;wellcome-collection,botany;cultivation;dietetics;domestic-medicine;herbal;household-health;hygiene;materia-medica;medical-botany;medicinal-plants;nursing;pharmacopoeia,Cardamom;Cardamoms,Seed;Bark;Root;Leaf;Gum,Tincture;Powder;Extract;Infusion;Oil,Cold or catarrh;Fever;Diarrhoea or looseness;Gout;Vomiting or nausea,Dose caution;Narcotic or sedative caution;Child-use caution;Allergy or sensitivity caution;Toxicity watch,wellcome-ujbsp48n;wellcome-wghdhhgb;wellcome-drujra89;wellcome-ggfm35sx;wellcome-x5urdxkm,term-cardamom-30b65263d0#cardamom
seed-elder,Elder,elder,medicinal-herb,curated-high-confidence-seed-term,1744,1581,533,1581,533,5,nlm-digital-collections;project-gutenberg;wellcome-collection,botanic-medicine;botany;dietetics;domestic-medicine;herbal;household-health;hygiene;materia-medica;medical-botany;medicinal-plants;nursing;pharmacopoeia;public-health,Elder;Elder Flowers;Elder Flower;Elder Berries;Elder Berry,Flower;Root;Leaf;Berry;Bark,Oil;Ointment;Infusion;Tea;Powder,Wounds or ulcers;Cold or catarrh;Cough;Fever;Inflammation,Dose caution;Narcotic or sedative caution;Child-use caution;Toxicity watch;Bleeding caution,wellcome-ujbsp48n;wellcome-q648cs3p;wellcome-jamxx58n;wellcome-agdnfevh;wellcome-takhmyez,term-elder-4bad2eaec5#elder
seed-cinchona,Cinchona,cinchona,medicinal-herb,curated-high-confidence-seed-term,1830,1577,295,1577,295,1,nlm-digital-collections;project-gutenberg;wellcome-collection,botanic-medicine;botany;convalescence;cultivation;dietetics;domestic-medicine;herbal;household-health;hygiene;materia-medica;medical-botany;medicinal-plants;nursing;pharmacopoeia,Cinchona,Bark;Root;Leaf;Gum;Seed,Tincture;Powder;Infusion;Decoction;Extract,Fever;Cold or catarrh;Wounds or ulcers;Diarrhoea or looseness;Vomiting or nausea,Dose caution;Narcotic or sedative caution;Bleeding caution;Child-use caution;Toxicity watch,wellcome-ujbsp48n;wellcome-wg4y3uv4;wellcome-skdfu5qa;wellcome-t4wudf9r;wellcome-v6b53ujp,term-cinchona-e6b023fb08#cinchona
seed-sarsaparilla,Sarsaparilla,sarsaparilla,medicinal-herb,curated-high-confidence-seed-term,1705,1573,391,1573,391,1,nlm-digital-collections;project-gutenberg;wellcome-collection,botanic-medicine;botany;convalescence;cultivation;dietetics;domestic-medicine;herbal;household-health;hygiene;materia-medica;medical-botany;medicinal-plants;nursing;pharmacopoeia,Sarsaparilla,Root;Bark;Leaf;Seed;Gum,Decoction;Extract;Pill;Syrup;Powder,Rheumatism;Wounds or ulcers;Cold or catarrh;Fever;Inflammation,Dose caution;Narcotic or sedative caution;Child-use caution;Allergy or sensitivity caution;Toxicity watch,wellcome-ujbsp48n;wellcome-n7jvnwj6;wellcome-ump8j3f6;wellcome-g8fcur54;wellcome-b483zydr,term-sarsaparilla-8bcc3d24e8#sarsaparilla
seed-capsicum,Capsicum,capsicum,medicinal-herb,manual-curator-promoted-specific-family,1640,1537,377,1537,377,4,nlm-digital-collections;project-gutenberg;wellcome-collection,botanic-medicine;botany;convalescence;dietetics;domestic-medicine;herbal;household-health;hygiene;materia-medica;medical-botany;medicinal-plants;nursing;pharmacopoeia,Capsicum;Cayenne;Cayenne-pepper;Capsicums,Seed;Root;Bark;Gum;Leaf,Tincture;Tea;Powder;Oil;Infusion,Cold or catarrh;Wounds or ulcers;Fever;Vomiting or nausea;Rheumatism,Dose caution;Narcotic or sedative caution;Child-use caution;Toxicity watch;Allergy or sensitivity caution,wellcome-yvn7kra7;nlm-64220920R;wellcome-rt52bskh;nlm-63580630R;wellcome-bkhg7djn,term-capsicum-42906397a4#capsicum;term-cayenne-684b352dd4#cayenne;term-cayenne-pepper-113dc5bc15#cayenne-pepper
seed-lavender,Lavender,lavender,medicinal-herb,curated-high-confidence-seed-term,1666,1495,394,1495,394,3,nlm-digital-collections;project-gutenberg;wellcome-collection,botanic-medicine;botany;cultivation;dietetics;domestic-medicine;herbal;household-health;hygiene;materia-medica;medical-botany;medicinal-plants;nursing;pharmacopoeia;public-health,Lavender;Lavender Flowers;Lavender Tops,Flower;Leaf;Root;Seed;Bark,Oil;Tincture;Powder;Essence;Ointment,Cold or catarrh;Wounds or ulcers;Rheumatism;Fever;Vomiting or nausea,Dose caution;Narcotic or sedative caution;Child-use caution;Toxicity watch;Fatal-risk warning,wellcome-ujbsp48n;wellcome-q648cs3p;wellcome-dwk6bbmw;wellcome-nhx2ne6y;wellcome-ka454p8x,term-lavender-fef8cec0ff#lavender
seed-valerian,Valerian,valerian,medicinal-herb,curated-high-confidence-seed-term,1609,1382,492,1382,492,1,nlm-digital-collections;project-gutenberg;wellcome-collection,botanic-medicine;botany;cultivation;dietetics;domestic-medicine;herbal;household-health;hygiene;materia-medica;medical-botany;medicinal-plants;nursing;pharmacopoeia;public-health,Valerian,Root;Bark;Leaf;Seed;Gum,Tincture;Tea;Powder;Oil;Infusion,Cold or catarrh;Epilepsy or convulsions;Diarrhoea or looseness;Vomiting or nausea;Fever,Dose caution;Narcotic or sedative caution;Child-use caution;Toxicity watch;Bleeding caution,wellcome-ujbsp48n;nlm-63610340R;wellcome-dkebu9hu;wellcome-q648cs3p;nlm-61660590R,term-valerian-f108f41431#valerian
seed-jalap,Jalap,jalap,medicinal-herb,curated-high-confidence-seed-term,1383,1295,402,1295,402,1,nlm-digital-collections;project-gutenberg;wellcome-collection,botany;cultivation;dietetics;domestic-medicine;herbal;household-health;hygiene;materia-medica;medical-botany;medicinal-plants;nursing;pharmacopoeia,Jalap,Root;Resin;Gum;Leaf;Bark,Powder;Extract;Tincture;Pill;Oil,Diarrhoea or looseness;Constipation;Cold or catarrh;Dropsy;Fever,Dose caution;Narcotic or sedative caution;Child-use caution;Allergy or sensitivity caution;Bleeding caution,nlm-63580630R;wellcome-ujbsp48n;wellcome-thwh6g2c;nlm-63620310R;nlm-61660590R,term-jalap-3a3e7ecab9#jalap
seed-croton,Croton,croton,medicinal-herb,curated-high-confidence-seed-term,1346,1190,299,1190,299,1,nlm-digital-collections;project-gutenberg;wellcome-collection,botany;convalescence;dietetics;domestic-medicine;herbal;household-health;hygiene;materia-medica;medical-botany;medicinal-plants;nursing;pharmacopoeia,Croton,Seed;Bark;Root;Leaf;Resin,Oil;Pill;Powder;Liniment;Emetic,Constipation;Cold or catarrh;Diarrhoea or looseness;Inflammation;Vomiting or nausea,Dose caution;Narcotic or sedative caution;Child-use caution;Toxicity watch;Allergy or sensitivity caution,wellcome-wghdhhgb;wellcome-xvhvxkhz;pg-41697;wellcome-je7nxmph;wellcome-g4ypyytg,term-croton-55ae378964#croton
seed-henbane,Henbane,henbane,medicinal-herb,curated-high-confidence-seed-term,1204,1101,303,1101,303,1,nlm-digital-collections;project-gutenberg;wellcome-collection,botany;dietetics;domestic-medicine;herbal;household-health;hygiene;materia-medica;medical-botany;medicinal-plants;nursing;pharmacopoeia,Henbane,Leaf;Seed;Gum;Root;Flower,Extract;Tincture;Pill;Powder;Oil,Cough;Cold or catarrh;Inflammation;Wounds or ulcers;Constipation,Dose caution;Narcotic or sedative caution;Allergy or sensitivity caution;Child-use caution;Bleeding caution,wellcome-ujbsp48n;nlm-63580420R;wellcome-ggfm35sx;wellcome-n7jvnwj6;wellcome-g8fcur54,term-henbane-b2c19b8166#henbane
seed-belladonna,Belladonna,belladonna,medicinal-herb,manual-curator-promoted-specific-family,1270,1077,263,1077,263,1,nlm-digital-collections;project-gutenberg;wellcome-collection,botany;cultivation;dietetics;domestic-medicine;herbal;household-health;hygiene;materia-medica;medical-botany;medicinal-plants;nursing;pharmacopoeia,Belladonna,Leaf;Root;Resin;Bark;Seed,Extract;Tincture;Plaster;Oil;Powder,Cold or catarrh;Rheumatism;Inflammation;Wounds or ulcers;Fever,Dose caution;Narcotic or sedative caution;Child-use caution;Allergy or sensitivity caution;Toxicity watch,wellcome-q648cs3p;wellcome-dkebu9hu;wellcome-ujbsp48n;wellcome-f9769f9b;wellcome-aw2c3dda,term-belladonna-bdf51af573#belladonna
seed-squill,Squill,squill,medicinal-herb,curated-high-confidence-seed-term,1163,1074,349,1074,349,2,nlm-digital-collections;project-gutenberg;wellcome-collection,botany;convalescence;cultivation;dietetics;domestic-medicine;herbal;household-health;hygiene;materia-medica;medical-botany;medicinal-plants;nursing;pharmacopoeia,Squill;Squills,Root;Gum;Leaf;Bulb;Seed,Syrup;Tincture;Powder;Emetic;Oil,Cough;Cold or catarrh;Vomiting or nausea;Asthma;Fever,Dose caution;Narcotic or sedative caution;Child-use caution;Allergy or sensitivity caution;Fatal-risk warning,wellcome-ujbsp48n;nlm-63610340R;nlm-63580420R;wellcome-q648cs3p;nlm-63620310R,term-squill-4d444ec474#squill
seed-sassafras,Sassafras,sassafras,medicinal-herb,curated-high-confidence-seed-term,1099,1064,385,1064,385,1,nlm-digital-collections;project-gutenberg;wellcome-collection,botanic-medicine;botany;dietetics;domestic-medicine;herbal;household-health;hygiene;materia-medica;medical-botany;medicinal-plants;nursing;pharmacopoeia,Sassafras,Root;Bark;Seed;Gum;Leaf,Oil;Tincture;Tea;Decoction;Powder,Rheumatism;Wounds or ulcers;Cold or catarrh;Fever;Vomiting or nausea,Dose caution;Narcotic or sedative caution;Child-use caution;Bleeding caution;Fatal-risk warning,wellcome-ujbsp48n;nlm-63580630R;wellcome-jamxx58n;nlm-63570990R;nlm-0140313,term-sassafras-e4ea08a73f#sassafras
seed-nutmeg,Nutmeg,nutmeg,medicinal-herb,curated-high-confidence-seed-term,1157,1048,378,1048,378,2,nlm-digital-collections;project-gutenberg;wellcome-collection,botany;convalescence;dietetics;domestic-medicine;herbal;household-health;hygiene;materia-medica;medical-botany;medicinal-plants;nursing;pharmacopoeia;public-health,Nutmeg;Nutmegs,Resin;Bark;Seed;Fruit;Root,Oil;Powder;Plaster;Bath;Extract,Cold or catarrh;Colic;Rheumatism;Inflammation;Diarrhoea or looseness,Dose caution;Narcotic or sedative caution;Child-use caution;Toxicity watch;Bleeding caution,wellcome-ujbsp48n;wellcome-a264n73x;wellcome-q648cs3p;wellcome-takhmyez;wellcome-q3jme7ef,term-nutmeg-749b0454b8#nutmeg
seed-barley,Barley,barley,medicinal-herb,curated-high-confidence-seed-term,1123,987,351,987,351,1,nlm-digital-collections;project-gutenberg;wellcome-collection,botany;cultivation;dietetics;domestic-medicine;herbal;household-health;hygiene;materia-medica;medical-botany;medicinal-plants;nursing;pharmacopoeia,Barley,Root;Gum;Fruit;Flower;Seed,Decoction;Oil;Infusion;Juice;Tea,Cold or catarrh;Inflammation;Fever;Vomiting or nausea;Wounds or ulcers,Dose caution;Toxicity watch;Bleeding caution;Narcotic or sedative caution;Child-use caution,wellcome-ujbsp48n;wellcome-bsnmkdkc;wellcome-jtzqa4xp;wellcome-fkxp4mmt;wellcome-mqb4h4ks,term-barley-d7a9ead0b1#barley
seed-aconite,Aconite,aconite,medicinal-herb,manual-curator-promoted-specific-family,1073,969,269,969,269,2,nlm-digital-collections;project-gutenberg;wellcome-collection,botany;convalescence;cultivation;dietetics;domestic-medicine;herbal;household-health;hygiene;materia-medica;medical-botany;medicinal-plants;nursing;pharmacopoeia,Aconite;Aconites,Root;Leaf;Flower;Bark;Seed,Tincture;Extract;Powder;Juice;Oil,Cold or catarrh;Fever;Rheumatism;Wounds or ulcers;Inflammation,Dose caution;Narcotic or sedative caution;Toxicity watch;Child-use caution;Fatal-risk warning,wellcome-wzfn65h9;wellcome-ujbsp48n;wellcome-w6wxy8cw;wellcome-dkebu9hu;nlm-64310710RX1,term-aconite-eeeaf94386#aconite
seed-tamarind,Tamarind,tamarind,medicinal-herb,curated-high-confidence-seed-term,947,936,198,936,198,2,nlm-digital-collections;project-gutenberg;wellcome-collection,botany;cultivation;dietetics;domestic-medicine;herbal;household-health;hygiene;materia-medica;medicinal-plants;nursing;pharmacopoeia,Tamarind;Tamarinds,Fruit;Flower;Gum;Root;Bark,Decoction;Tea;Infusion;Juice;Oil,Fever;Inflammation;Vomiting or nausea;Cold or catarrh;Wounds or ulcers,Bleeding caution;Dose caution;Narcotic or sedative caution;Fatal-risk warning;Toxicity watch,nlm-2544048R;nlm-2544050R;nlm-2544051R;nlm-2544054R;nlm-8206720,term-tamarind-f898cb1f16#tamarind
seed-foxglove,Foxglove,foxglove,medicinal-herb,curated-high-confidence-seed-term,1038,919,299,919,299,2,nlm-digital-collections;project-gutenberg;wellcome-collection,botany;convalescence;cultivation;dietetics;domestic-medicine;herbal;household-health;hygiene;materia-medica;medical-botany;medicinal-plants;nursing;pharmacopoeia,Foxglove;Digitalis,Leaf;Bark;Root;Seed;Flower,Tincture;Infusion;Powder;Oil;Decoction,Cold or catarrh;Dropsy;Fever;Vomiting or nausea;Cough,Dose caution;Narcotic or sedative caution;Bleeding caution;Child-use caution;Toxicity watch,wellcome-ujbsp48n;wellcome-wghdhhgb;wellcome-q648cs3p;nlm-63570290R;wellcome-jfx4av9y,term-digitalis-94bca81b02#digitalis;term-foxglove-23df009e7f#foxglove
seed-oak,Oak,oak,medicinal-herb,curated-high-confidence-seed-term,986,913,409,913,409,1,nlm-digital-collections;project-gutenberg;wellcome-collection,botanic-medicine;botany;convalescence;dietetics;domestic-medicine;herbal;household-health;hygiene;materia-medica;medical-botany;medicinal-plants;nursing;pharmacopoeia;public-health,Oak,Bark;Root;Leaf;Flower;Seed,Decoction;Infusion;Powder;Oil;Tea,Cold or catarrh;Wounds or ulcers;Diarrhoea or looseness;Fever;Vomiting or nausea,Dose caution;Narcotic or sedative caution;Bleeding caution;Child-use caution;Toxicity watch,wellcome-ujbsp48n;nlm-63610340R;nlm-63560880R;nlm-61750800R;wellcome-xrjheg64,term-oak-df87764540#oak
seed-pennyroyal,Pennyroyal,pennyroyal,medicinal-herb,curated-high-confidence-seed-term,925,905,382,905,382,2,nlm-digital-collections;project-gutenberg;wellcome-collection,botanic-medicine;botany;cultivation;dietetics;domestic-medicine;herbal;household-health;hygiene;materia-medica;medical-botany;medicinal-plants;nursing;pharmacopoeia;public-health,Pennyroyal;Penny-royal,Root;Gum;Leaf;Bark;Seed,Tea;Oil;Tincture;Powder;Emetic,Cough;Cold or catarrh;Vomiting or nausea;Diarrhoea or looseness;Rheumatism,Dose caution;Child-use caution;Narcotic or sedative caution;Bleeding caution;Allergy or sensitivity caution,nlm-100912803;nlm-63620310R;wellcome-jamxx58n;nlm-9435910;wellcome-mv32s6ry,term-pennyroyal-e710e82113#pennyroyal
seed-ipecacuanha,Ipecacuanha,ipecacuanha,medicinal-herb,curated-high-confidence-seed-term,940,881,320,881,320,1,nlm-digital-collections;project-gutenberg;wellcome-collection,botany;convalescence;dietetics;domestic-medicine;herbal;household-health;hygiene;materia-medica;medical-botany;medicinal-plants;nursing;pharmacopoeia;public-health,Ipecacuanha,Root;Flower;Gum;Bark;Leaf,Powder;Syrup;Tincture;Pill;Emetic,Vomiting or nausea;Fever;Cold or catarrh;Diarrhoea or looseness;Cough,Dose caution;Narcotic or sedative caution;Child-use caution;Bleeding caution;Allergy or sensitivity caution,wellcome-ujbsp48n;nlm-63580630R;wellcome-g8fcur54;wellcome-n7jvnwj6;wellcome-ump8j3f6,term-ipecacuanha-5621bb9475#ipecacuanha
seed-coriander,Coriander,coriander,medicinal-herb,curated-high-confidence-seed-term,894,857,333,857,333,1,nlm-digital-collections;project-gutenberg;wellcome-collection,botany;cultivation;dietetics;domestic-medicine;herbal;household-health;hygiene;materia-medica;medical-botany;medicinal-plants;nursing;pharmacopoeia;public-health,Coriander,Seed;Root;Leaf;Bark;Flower,Powder;Oil;Syrup;Tincture;Infusion,Cold or catarrh;Wounds or ulcers;Colic;Gout;Diarrhoea or looseness,Dose caution;Narcotic or sedative caution;Child-use caution;Toxicity watch;Bleeding caution,wellcome-q648cs3p;wellcome-vcp6d7za;nlm-2751057R;wellcome-jmh3m2rt;wellcome-agdnfevh,term-coriander-4c44d1f41f#coriander
seed-guaiacum,Guaiacum,guaiacum,medicinal-herb,curated-high-confidence-seed-term,974,843,327,843,327,2,nlm-digital-collections;project-gutenberg;wellcome-collection,botany;convalescence;cultivation;dietetics;domestic-medicine;herbal;household-health;hygiene;materia-medica;medical-botany;medicinal-plants;nursing;pharmacopoeia;public-health,Guaiacum;Guaiacum Gum,Resin;Gum;Root;Bark;Seed,Tincture;Powder;Decoction;Pill;Oil,Rheumatism;Cold or catarrh;Wounds or ulcers;Gout;Fever,Dose caution;Narcotic or sedative caution;Child-use caution;Bleeding caution;Allergy or sensitivity caution,wellcome-wghdhhgb;wellcome-zhg3ff4c;wellcome-zjkfqhnm;nlm-61660590R;wellcome-ng7fpuv2,term-guaiacum-a2010c767d#guaiacum
seed-tobacco,Tobacco,tobacco,medicinal-herb,curated-high-confidence-seed-term,878,804,344,804,344,1,nlm-digital-collections;project-gutenberg;wellcome-collection,botany;convalescence;cultivation;dietetics;domestic-medicine;herbal;household-health;hygiene;materia-medica;medical-botany;medicinal-plants;nursing;pharmacopoeia,Tobacco,Leaf;Root;Bark;Flower;Seed,Infusion;Oil;Juice;Ointment;Decoction,Wounds or ulcers;Cold or catarrh;Vomiting or nausea;Dropsy;Consumption,Narcotic or sedative caution;Dose caution;Toxicity watch;Fatal-risk warning;Child-use caution,wellcome-ujbsp48n;wellcome-wghdhhgb;nlm-101515274;nlm-101509190;nlm-63750550R,term-tobacco-da43f06caa#tobacco
seed-saffron,Saffron,saffron,medicinal-herb,curated-high-confidence-seed-term,822,794,342,794,342,2,nlm-digital-collections;project-gutenberg;wellcome-collection,botanic-medicine;botany;cultivation;dietetics;domestic-medicine;herbal;household-health;hygiene;materia-medica;medical-botany;medicinal-plants;nursing;pharmacopoeia;public-health,Saffron;Saffron Flowers,Root;Flower;Gum;Bark;Seed,Syrup;Tincture;Powder;Oil;Tea,Fever;Cold or catarrh;Vomiting or nausea;Wounds or ulcers;Cough,Dose caution;Narcotic or sedative caution;Child-use caution;Fatal-risk warning;Bleeding caution,wellcome-ujbsp48n;wellcome-vcp6d7za;wellcome-q648cs3p;nlm-2701678R;wellcome-nhx2ne6y,term-saffron-822f39a2cb#saffron
seed-buckthorn,Buckthorn,buckthorn,medicinal-herb,curated-high-confidence-seed-term,879,792,336,792,336,2,nlm-digital-collections;project-gutenberg;wellcome-collection,botanic-medicine;botany;cultivation;dietetics;domestic-medicine;herbal;household-health;hygiene;materia-medica;medical-botany;medicinal-plants;nursing;pharmacopoeia,Buckthorn;Buck Thorn,Berry;Root;Flower;Seed;Bark,Syrup;Juice;Oil;Pill;Powder,Diarrhoea or looseness;Cold or catarrh;Vomiting or nausea;Gout;Dropsy,Dose caution;Child-use caution;Narcotic or sedative caution;Bleeding caution;Toxicity watch,wellcome-ujbsp48n;wellcome-takhmyez;wellcome-q648cs3p;wellcome-gtpbv42a;nlm-2701678R,term-buck-thorn-480e87e991#buck thorn;term-buckthorn-e03634200b#buckthorn
seed-marsh-mallow,Marsh-Mallow,marsh mallow,medicinal-herb,curated-high-confidence-seed-term,816,786,283,786,283,3,nlm-digital-collections;project-gutenberg;wellcome-collection,botanic-medicine;botany;cultivation;dietetics;domestic-medicine;herbal;household-health;hygiene;materia-medica;medical-botany;medicinal-plants;nursing;pharmacopoeia,Marsh-Mallow;Marsh-mallows;Marsh-mallow,Root;Seed;Gum;Flower;Leaf,Decoction;Syrup;Tea;Oil;Infusion,Cold or catarrh;Inflammation;Vomiting or nausea;Cough;Fever,Dose caution;Bleeding caution;Child-use caution;Narcotic or sedative caution;Allergy or sensitivity caution,nlm-2751057R;nlm-63620420R;nlm-63620400R;nlm-63560150R;wellcome-fkxp4mmt,term-marsh-mallow-9597a11a95#marsh-mallow
seed-bayberry,Bayberry,bayberry,medicinal-herb,manual-curator-promoted-specific-family,800,765,188,765,188,5,nlm-digital-collections;project-gutenberg;wellcome-collection,botanic-medicine;botany;dietetics;domestic-medicine;herbal;household-health;hygiene;materia-medica;medical-botany;medicinal-plants;nursing;pharmacopoeia;public-health,Bayberry;Bay-berries;Bay- Berry;Bayberries;Bay-berrys,Bark;Root;Berry;Leaf;Seed,Tea;Powder;Tincture;Oil;Emetic,Cold or catarrh;Wounds or ulcers;Vomiting or nausea;Dysentery;Diarrhoea or looseness,Dose caution;Child-use caution;Bleeding caution;Narcotic or sedative caution;Allergy or sensitivity caution,nlm-63340900R;wellcome-bkhg7djn;wellcome-rt52bskh;nlm-64220920R;wellcome-yvn7kra7,term-bay-berry-159f9103e5#bay-berry;term-bayberry-b346a23c9f#bayberry
seed-mace,Mace,mace,medicinal-herb,curated-high-confidence-seed-term,845,736,317,736,317,1,nlm-digital-collections;project-gutenberg;wellcome-collection,botany;cultivation;dietetics;domestic-medicine;herbal;household-health;hygiene;materia-medica;medical-botany;medicinal-plants;nursing;pharmacopoeia,Mace,Gum;Resin;Leaf;Seed;Fruit,Oil;Plaster;Powder;Ointment;Extract,Rheumatism;Cold or catarrh;Vomiting or nausea;Diarrhoea or looseness;Wounds or ulcers,Narcotic or sedative caution;Dose caution;Bleeding caution;Fatal-risk warning;Child-use caution,wellcome-ujbsp48n;wellcome-q648cs3p;wellcome-tbt9dxgq;wellcome-takhmyez;wellcome-hqjgqauu,term-mace-20613c35da#mace
seed-stramonium,Stramonium,stramonium,medicinal-herb,manual-curator-promoted-specific-family,835,736,273,736,273,2,nlm-digital-collections;project-gutenberg;wellcome-collection,botanic-medicine;botany;convalescence;cultivation;dietetics;domestic-medicine;herbal;household-health;hygiene;materia-medica;medical-botany;medicinal-plants;nursing;pharmacopoeia,Stramonium;Thorn-apple,Leaf;Seed;Root;Bark;Flower,Extract;Tincture;Ointment;Oil;Powder,Asthma;Cold or catarrh;Wounds or ulcers;Inflammation;Epilepsy or convulsions,Dose caution;Narcotic or sedative caution;Child-use caution;Allergy or sensitivity caution;Fatal-risk warning,nlm-63580630R;nlm-63620310R;wellcome-thwh6g2c;wellcome-f9769f9b;wellcome-ujbsp48n,term-stramonium-e691755837#stramonium;term-thorn-apple-2e6b027058#thorn-apple
seed-hop,Hop,hop,medicinal-herb,curated-high-confidence-seed-term,786,728,288,728,288,2,nlm-digital-collections;project-gutenberg;wellcome-collection,botanic-medicine;botany;convalescence;cultivation;dietetics;domestic-medicine;herbal;household-health;hygiene;materia-medica;medical-botany;medicinal-plants;nursing;pharmacopoeia;public-health,Hop;Hops,Root;Leaf;Gum;Bark;Seed,Tincture;Extract;Infusion;Powder;Tea,Cold or catarrh;Inflammation;Fever;Wounds or ulcers;Vomiting or nausea,Dose caution;Narcotic or sedative caution;Child-use caution;Allergy or sensitivity caution;Toxicity watch,nlm-63580630R;nlm-63620310R;wellcome-thwh6g2c;wellcome-ujbsp48n;nlm-100912803,term-hop-87a0acaec0#hop
seed-colocynth,Colocynth,colocynth,medicinal-herb,curated-high-confidence-seed-term,827,725,230,725,230,1,nlm-digital-collections;project-gutenberg;wellcome-collection,botany;dietetics;domestic-medicine;herbal;household-health;hygiene;materia-medica;medical-botany;medicinal-plants;nursing;pharmacopoeia,Colocynth,Seed;Resin;Bark;Root;Gum,Extract;Pill;Powder;Oil;Tincture,Constipation;Cold or catarrh;Inflammation;Diarrhoea or looseness;Gout,Dose caution;Narcotic or sedative caution;Child-use caution;Allergy or sensitivity caution;Toxicity watch,wellcome-ujbsp48n;wellcome-q648cs3p;nlm-63580420R;wellcome-cs5n98hu;wellcome-jmh3m2rt,term-colocynth-2e0bcbd441#colocynth
seed-wormwood,Wormwood,wormwood,medicinal-herb,curated-high-confidence-seed-term,787,722,326,722,326,2,nlm-digital-collections;project-gutenberg;wellcome-collection,botany;dietetics;domestic-medicine;herbal;household-health;hygiene;materia-medica;medical-botany;medicinal-plants;nursing;pharmacopoeia;public-health,Wormwood;Wormwood Tops,Flower;Root;Leaf;Tops;Bark,Oil;Syrup;Extract;Pill;Powder,Cold or catarrh;Vomiting or nausea;Wounds or ulcers;Fever;Inflammation,Dose caution;Narcotic or sedative caution;Child-use caution;Toxicity watch;Fatal-risk warning,wellcome-ujbsp48n;wellcome-q648cs3p;wellcome-m43ephex;nlm-2548018R;wellcome-q3jme7ef,term-wormwood-f9e06099c6#wormwood
seed-cascarilla,Cascarilla,cascarilla,medicinal-herb,curated-high-confidence-seed-term,793,721,263,721,263,1,nlm-digital-collections;wellcome-collection,botany;cultivation;dietetics;domestic-medicine;herbal;household-health;hygiene;materia-medica;medical-botany;medicinal-plants;nursing;pharmacopoeia;public-health,Cascarilla,Bark;Root;Seed;Flower;Leaf,Infusion;Tincture;Powder;Oil;Extract,Fever;Cold or catarrh;Diarrhoea or looseness;Gout;Vomiting or nausea,Dose caution;Narcotic or sedative caution;Child-use caution;Bleeding caution;Toxicity watch,wellcome-ujbsp48n;nlm-63620420R;nlm-63620400R;wellcome-g8fcur54;wellcome-j284bqe4,term-cascarilla-60a768f916#cascarilla
seed-quince,Quince,quince,medicinal-herb,curated-high-confidence-seed-term,760,689,297,689,297,2,nlm-digital-collections;project-gutenberg;wellcome-collection,botany;convalescence;dietetics;domestic-medicine;herbal;household-health;hygiene;materia-medica;medical-botany;medicinal-plants;nursing;pharmacopoeia,Quince;Quinces,Seed;Root;Bark;Gum;Flower,Juice;Syrup;Oil;Decoction;Powder,Cold or catarrh;Diarrhoea or looseness;Wounds or ulcers;Vomiting or nausea;Fever,Dose caution;Narcotic or sedative caution;Toxicity watch;Child-use caution;Bleeding caution,wellcome-ujbsp48n;nlm-2751057R;wellcome-c4ncu7qz;wellcome-dn7yrsvs;nlm-2702091R,term-quince-4f67642c07#quince
seed-dandelion,Dandelion,dandelion,medicinal-herb,curated-high-confidence-seed-term,689,644,279,644,279,2,nlm-digital-collections;project-gutenberg;wellcome-collection,botany;dietetics;domestic-medicine;herbal;household-health;hygiene;materia-medica;medical-botany;medicinal-plants;nursing;pharmacopoeia;public-health,Dandelion;Dandelions,Root;Bark;Leaf;Seed;Flower,Extract;Pill;Decoction;Juice;Powder,Cold or catarrh;Dropsy;Inflammation;Fever;Consumption,Dose caution;Narcotic or sedative caution;Child-use caution;Bleeding caution;Toxicity watch,wellcome-ujbsp48n;nlm-0140313;nlm-100912803;nlm-63570990R;nlm-63560150R,term-dandelion-077ff8c245#dandelion
seed-marshmallow,Marshmallow,marshmallow,medicinal-herb,curated-high-confidence-seed-term,690,632,208,632,208,2,nlm-digital-collections;project-gutenberg;wellcome-collection,botany;dietetics;domestic-medicine;herbal;household-health;hygiene;materia-medica;medical-botany;medicinal-plants;nursing;pharmacopoeia,Marshmallow;Marshmallows,Root;Gum;Flower;Leaf;Seed,Syrup;Decoction;Oil;Powder;Tea,Cold or catarrh;Wounds or ulcers;Inflammation;Cough;Dysentery,Dose caution;Narcotic or sedative caution;Child-use caution;Bleeding caution;Allergy or sensitivity caution,wellcome-ujbsp48n;nlm-63610340R;nlm-63580630R;wellcome-q648cs3p;nlm-2701678R,term-marshmallow-5a9fee2cb0#marshmallow
seed-bitter-almond,Bitter Almond,bitter almond,medicinal-herb,curated-high-confidence-seed-term,674,614,214,614,214,2,nlm-digital-collections;project-gutenberg;wellcome-collection,botany;dietetics;domestic-medicine;herbal;household-health;hygiene;materia-medica;medical-botany;medicinal-plants;nursing;pharmacopoeia;public-health,Bitter Almond;Bitter Almonds,Leaf;Seed;Bark;Fruit;Resin,Oil;Essence;Powder;Syrup;Emetic,Cold or catarrh;Epilepsy or convulsions;Vomiting or nausea;Cough;Fever,Toxicity watch;Dose caution;Narcotic or sedative caution;Fatal-risk warning;Child-use caution,wellcome-wghdhhgb;wellcome-dkebu9hu;wellcome-skdfu5qa;wellcome-a9mav4xd;wellcome-c5zgvvdt,term-bitter-almond-2e9360bf94#bitter almond
seed-rue,Rue,rue,medicinal-herb,manual-curator-promoted-specific-family,633,585,257,585,257,1,nlm-digital-collections;project-gutenberg;wellcome-collection,botany;cultivation;dietetics;domestic-medicine;herbal;household-health;hygiene;materia-medica;medical-botany;medicinal-plants;pharmacopoeia;public-health,Rue,Leaf;Seed;Root;Flower;Gum,Oil;Juice;Powder;Decoction;Infusion,Epilepsy or convulsions;Cold or catarrh;Cough;Fever;Wounds or ulcers,Dose caution;Narcotic or sedative caution;Child-use caution;Bleeding caution;Toxicity watch,wellcome-ujbsp48n;nlm-2751057R;nlm-2548018R;wellcome-takhmyez;wellcome-ttetz6t2,term-rue-1b0460762c#rue
seed-mallow,Mallow,mallow,medicinal-herb,curated-high-confidence-seed-term,618,542,283,542,283,3,nlm-digital-collections;project-gutenberg;wellcome-collection,botany;dietetics;domestic-medicine;herbal;household-health;hygiene;materia-medica;medicinal-plants;nursing;pharmacopoeia,Mallow;Mallows;Mallowes,Flower;Root;Seed;Leaf;Gum,Decoction;Oil;Tea;Poultice;Syrup,Inflammation;Cold or catarrh;Wounds or ulcers;Fever;Cough,Bleeding caution;Dose caution;Fatal-risk warning;Narcotic or sedative caution;Child-use caution,wellcome-ujbsp48n;nlm-2544044R;nlm-63610340R;wellcome-bgpqksyy;nlm-2544053R,term-mallow-b3af2d2033#mallow
seed-wild-cherry,Wild Cherry,wild cherry,medicinal-herb,curated-high-confidence-seed-term,577,528,202,528,202,2,nlm-digital-collections;project-gutenberg;wellcome-collection,botanic-medicine;botany;convalescence;dietetics;domestic-medicine;herbal;household-health;hygiene;materia-medica;medical-botany;medicinal-plants;nursing;pharmacopoeia,Wild Cherry;Wild Cherry Tree,Bark;Root;Leaf;Seed;Gum,Tea;Decoction;Syrup;Tincture;Powder,Cold or catarrh;Fever;Cough;Vomiting or nausea;Diarrhoea or looseness,Dose caution;Child-use caution;Narcotic or sedative caution;Allergy or sensitivity caution;Toxicity watch,nlm-63580630R;nlm-0140313;nlm-63620310R;nlm-2556052R;wellcome-ndsrqw82,term-wild-cherry-33ac0a5b0b#wild cherry;term-wild-cherry-tree-31e26410e7#wild cherry tree
seed-aniseed,Aniseed,aniseed,medicinal-herb,curated-high-confidence-seed-term,541,522,203,522,203,2,nlm-digital-collections;project-gutenberg;wellcome-collection,botany;cultivation;dietetics;domestic-medicine;herbal;household-health;hygiene;materia-medica;medical-botany;medicinal-plants;nursing;pharmacopoeia,Aniseed;Aniseeds,Root;Seed;Gum;Flower;Leaf,Oil;Tincture;Powder;Pill;Syrup,Cough;Cold or catarrh;Wounds or ulcers;Rheumatism;Colic,Narcotic or sedative caution;Dose caution;Child-use caution;Toxicity watch;Allergy or sensitivity caution,wellcome-q648cs3p;wellcome-vcp6d7za;wellcome-dwk6bbmw;nlm-61730020R;wellcome-cfrchse5,term-aniseed-780ad9e49f#aniseed
seed-lime,Lime,lime,medicinal-herb,curated-high-confidence-seed-term,572,522,283,522,283,2,nlm-digital-collections;project-gutenberg;wellcome-collection,botany;convalescence;dietetics;domestic-medicine;herbal;household-health;hygiene;materia-medica;medical-botany;medicinal-plants;nursing;pharmacopoeia;public-health,Lime;Lime Flowers,Flower;Fruit;Leaf;Root;Bark,Juice;Oil;Liniment;Powder;Syrup,Fever;Vomiting or nausea;Cold or catarrh;Wounds or ulcers;Inflammation,Dose caution;Narcotic or sedative caution;Toxicity watch;Child-use caution;Bleeding caution,wellcome-ujbsp48n;wellcome-dkebu9hu;wellcome-q648cs3p;wellcome-ppwszffb;wellcome-pujcgk4k,term-lime-efbaa8cbff#lime
seed-columbo,Columbo,columbo,medicinal-herb,curated-high-confidence-seed-term,514,503,156,503,156,1,nlm-digital-collections;project-gutenberg;wellcome-collection,botanic-medicine;botany;cultivation;dietetics;domestic-medicine;herbal;household-health;hygiene;materia-medica;medicinal-plants;nursing;pharmacopoeia,Columbo,Root;Bark;Leaf;Flower;Seed,Infusion;Tea;Powder;Tincture;Oil,Fever;Vomiting or nausea;Cold or catarrh;Diarrhoea or looseness;Cholera,Dose caution;Narcotic or sedative caution;Bleeding caution;Child-use caution;Pregnancy caution,nlm-63570290R;nlm-63570280R;wellcome-jfx4av9y;nlm-101230724;wellcome-zk8kqddq,term-columbo-3095f68e40#columbo
seed-poplar,Poplar,poplar,medicinal-herb,curated-high-confidence-seed-term,521,494,171,494,171,2,nlm-digital-collections;project-gutenberg;wellcome-collection,botanic-medicine;botany;dietetics;domestic-medicine;herbal;household-health;hygiene;materia-medica;medical-botany;medicinal-plants;nursing;pharmacopoeia,Poplar;Poplars,Bark;Root;Leaf;Berry;Flower,Tea;Powder;Syrup;Oil;Tincture,Cold or catarrh;Fever;Cough;Dysentery;Rheumatism,Dose caution;Child-use caution;Narcotic or sedative caution;Toxicity watch;Bleeding caution,nlm-7704741;wellcome-q59tmjuk;nlm-2558004RX1;nlm-9435910;nlm-63560150R,term-poplar-82cf810767#poplar
seed-grape,Grape,grape,medicinal-herb,curated-high-confidence-seed-term,498,476,322,476,322,2,nlm-digital-collections;project-gutenberg;wellcome-collection,botany;convalescence;cultivation;dietetics;domestic-medicine;herbal;household-health;hygiene;materia-medica;medical-botany;medicinal-plants;nursing;pharmacopoeia;public-health,Grape;Grapes,Fruit;Seed;Berry;Root;Flower,Juice;Cordial;Oil;Infusion;Syrup,Fever;Vomiting or nausea;Cold or catarrh;Gout;Wounds or ulcers,Dose caution;Toxicity watch;Child-use caution;Fatal-risk warning;Narcotic or sedative caution,wellcome-rcd8mm87;wellcome-ujbsp48n;wellcome-q648cs3p;wellcome-dkebu9hu;wellcome-k63t4gch,term-grape-0f78fcc486#grape
seed-logwood,Logwood,logwood,medicinal-herb,curated-high-confidence-seed-term,483,452,255,452,255,1,nlm-digital-collections;project-gutenberg;wellcome-collection,botany;cultivation;dietetics;domestic-medicine;herbal;household-health;hygiene;materia-medica;medical-botany;medicinal-plants;nursing;pharmacopoeia;public-health,Logwood,Root;Bark;Gum;Seed;Flower,Extract;Decoction;Tea;Powder;Tincture,Diarrhoea or looseness;Dysentery;Cold or catarrh;Vomiting or nausea;Cough,Dose caution;Narcotic or sedative caution;Child-use caution;Bleeding caution;Toxicity watch,wellcome-ujbsp48n;wellcome-q648cs3p;nlm-8212771;nlm-0217404;nlm-2701678R,term-logwood-bcc60d3c81#logwood
seed-garlic,Garlic,garlic,medicinal-herb,curated-high-confidence-seed-term,460,441,261,441,261,2,nlm-digital-collections;project-gutenberg;wellcome-collection,botany;convalescence;dietetics;domestic-medicine;herbal;household-health;hygiene;materia-medica;medical-botany;medicinal-plants;nursing;pharmacopoeia,Garlic;Garlics,Root;Bulb;Bark;Leaf;Flower,Ointment;Syrup;Tea;Oil;Juice,Cough;Fever;Cold or catarrh;Epilepsy or convulsions;Inflammation,Child-use caution;Dose caution;Narcotic or sedative caution;Toxicity watch;Allergy or sensitivity caution,nlm-63560930R;wellcome-q648cs3p;wellcome-mq8ebxvb;wellcome-mqb4h4ks;nlm-63610340R,term-garlic-41024084d2#garlic
seed-carrot,Carrot,carrot,medicinal-herb,curated-high-confidence-seed-term,464,439,281,439,281,2,nlm-digital-collections;project-gutenberg;wellcome-collection,botanic-medicine;botany;cultivation;dietetics;domestic-medicine;herbal;household-health;hygiene;materia-medica;medical-botany;medicinal-plants;nursing;pharmacopoeia;public-health,Carrot;Carrots,Root;Seed;Bark;Leaf;Flower,Poultice;Powder;Oil;Decoction;Juice,Wounds or ulcers;Cold or catarrh;Inflammation;Fever;Epilepsy or convulsions,Fatal-risk warning;Narcotic or sedative caution;Child-use caution;Dose caution;Toxicity watch,wellcome-ujbsp48n;wellcome-rk2ty6mu;wellcome-agdnfevh;nlm-63620390R;wellcome-z367wx5k,term-carrot-b96482290a#carrot
seed-arnica,Arnica,arnica,medicinal-herb,curated-high-confidence-seed-term,508,435,180,435,180,1,nlm-digital-collections;project-gutenberg;wellcome-collection,botany;convalescence;dietetics;domestic-medicine;herbal;household-health;hygiene;materia-medica;medical-botany;medicinal-plants;nursing;pharmacopoeia;public-health,Arnica,Root;Flower;Leaf;Rhizome;Bark,Tincture;Oil;Powder;Extract;Plaster,Cold or catarrh;Wounds or ulcers;Rheumatism;Fever;Inflammation,Dose caution;Narcotic or sedative caution;Allergy or sensitivity caution;Toxicity watch;Child-use caution,nlm-61620650R;wellcome-dkebu9hu;wellcome-f9769f9b;wellcome-vqbthhd7;nlm-101278154,term-arnica-4c5aa08125#arnica
seed-carraway,Carraway,carraway,medicinal-herb,curated-high-confidence-seed-term,468,434,146,434,146,2,nlm-digital-collections;project-gutenberg;wellcome-collection,botany;dietetics;domestic-medicine;herbal;household-health;hygiene;materia-medica;medical-botany;medicinal-plants;pharmacopoeia,Carraway;Carraway-,Seed;Root;Leaf;Flower;Berry,Oil;Powder;Syrup;Pill;Extract,Cold or catarrh;Colic;Constipation;Gout;Cough,Dose caution;Child-use caution;Narcotic or sedative caution;Pregnancy caution;Allergy or sensitivity caution,wellcome-dw4f7fkd;wellcome-xhc5sgpw;wellcome-b7ehehck;wellcome-v96wd5b4;wellcome-s7k57fgp,term-carraway-629c945971#carraway
seed-raspberry,Raspberry,raspberry,medicinal-herb,curated-high-confidence-seed-term,465,434,153,434,153,2,nlm-digital-collections;project-gutenberg;wellcome-collection,botanic-medicine;botany;dietetics;domestic-medicine;herbal;household-health;hygiene;materia-medica;medical-botany;medicinal-plants;nursing;pharmacopoeia,Raspberry;Raspberries,Leaf;Bark;Root;Berry;Seed,Tea;Syrup;Powder;Infusion;Tincture,Cold or catarrh;Wounds or ulcers;Fever;Inflammation;Vomiting or nausea,Child-use caution;Dose caution;Bleeding caution;Allergy or sensitivity caution;Narcotic or sedative caution,wellcome-ujbsp48n;wellcome-gfchkr25;nlm-64220920R;wellcome-yvn7kra7;wellcome-rt52bskh,term-raspberry-e97407735e#raspberry
seed-burdock,Burdock,burdock,medicinal-herb,manual-curator-promoted-specific-family,478,433,200,433,200,1,nlm-digital-collections;project-gutenberg;wellcome-collection,botanic-medicine;botany;domestic-medicine;herbal;household-health;hygiene;materia-medica;medical-botany;medicinal-plants;nursing;pharmacopoeia,Burdock,Root;Seed;Bark;Leaf;Flower,Tea;Decoction;Syrup;Powder;Oil,Wounds or ulcers;Cold or catarrh;Rheumatism;Fever;Epilepsy or convulsions,Dose caution;Child-use caution;Narcotic or sedative caution;Bleeding caution;Allergy or sensitivity caution,nlm-63610340R;nlm-63580630R;wellcome-nr9dehnu;nlm-64220910R;wellcome-dvdzaqep,term-burdock-da08d22562#burdock
seed-mulberry,Mulberry,mulberry,medicinal-herb,curated-high-confidence-seed-term,474,415,244,415,244,2,nlm-digital-collections;project-gutenberg;wellcome-collection,botany;dietetics;domestic-medicine;herbal;household-health;hygiene;materia-medica;medicinal-plants;pharmacopoeia,Mulberry;Mulberries,Leaf;Flower;Fruit;Berry;Root,Juice;Syrup;Gargle;Decoction;Infusion,Fever;Wounds or ulcers;Cold or catarrh;Inflammation;Vomiting or nausea,Dose caution;Child-use caution;Toxicity watch;Narcotic or sedative caution;Bleeding caution,wellcome-ujbsp48n;wellcome-kxejz6hv;nlm-63610340R;wellcome-gy79dgeq;wellcome-cs5n98hu,term-mulberry-2afc0f6bdf#mulberry
seed-catnip,Catnip,catnip,medicinal-herb,curated-high-confidence-seed-term,383,364,88,364,88,2,nlm-digital-collections;project-gutenberg;wellcome-collection,botanic-medicine;botany;domestic-medicine;herbal;household-health;hygiene;materia-medica;medicinal-plants;nursing,Catnip;Catnip Flowers,Root;Bark;Leaf;Seed;Gum,Tea;Infusion;Powder;Tincture;Oil,Fever;Cold or catarrh;Inflammation;Vomiting or nausea;Colic,Dose caution;Child-use caution;Narcotic or sedative caution;Bleeding caution;Allergy or sensitivity caution,nlm-101485225;nlm-101485229;nlm-64210130R;nlm-101743940;nlm-101485230,term-catnip-eb1b94cfd6#catnip
seed-peach,Peach,peach,medicinal-herb,curated-high-confidence-seed-term,369,336,143,336,143,2,nlm-digital-collections;project-gutenberg;wellcome-collection,botany;dietetics;domestic-medicine;herbal;household-health;hygiene;materia-medica;medical-botany;medicinal-plants;nursing;pharmacopoeia,Peach;Peach Flowers,Leaf;Flower;Root;Seed;Bark,Syrup;Infusion;Oil;Juice;Tea,Fever;Diarrhoea or looseness;Cold or catarrh;Cough;Inflammation,Dose caution;Child-use caution;Narcotic or sedative caution;Toxicity watch;Bleeding caution,wellcome-ujbsp48n;nlm-2751057R;nlm-63580630R;wellcome-ttetz6t2;wellcome-e8fn752s,term-peach-85356064d0#peach
seed-buchu,Buchu,buchu,medicinal-herb,manual-curator-promoted-specific-family,376,323,156,323,156,1,nlm-digital-collections;project-gutenberg;wellcome-collection,botany;dietetics;domestic-medicine;herbal;household-health;hygiene;materia-medica;medical-botany;medicinal-plants;nursing;pharmacopoeia;public-health,Buchu,Leaf;Bark;Root;Gum;Seed,Infusion;Oil;Tincture;Powder;Extract,Cold or catarrh;Inflammation;Rheumatism;Dropsy;Fever,Dose caution;Narcotic or sedative caution;Allergy or sensitivity caution;Bleeding caution;Child-use caution,wellcome-cs5n98hu;wellcome-f9769f9b;nlm-61560610R;nlm-61620650R;wellcome-nr9dehnu,term-buchu-361e0b751c#buchu
seed-mandrake,Mandrake,mandrake,medicinal-herb,curated-high-confidence-seed-term,332,315,107,315,107,2,nlm-digital-collections;project-gutenberg;wellcome-collection,botanic-medicine;botany;domestic-medicine;herbal;household-health;hygiene;materia-medica;medicinal-plants;nursing;pharmacopoeia,Mandrake;Mandrakes,Root;Bark;Seed;Leaf;Gum,Powder;Pill;Tea;Extract;Oil,Cold or catarrh;Fever;Wounds or ulcers;Rheumatism;Dropsy,Dose caution;Child-use caution;Narcotic or sedative caution;Toxicity watch;Bleeding caution,nlm-63580630R;nlm-101250104;wellcome-aw843fyz;nlm-61660590R;nlm-100912803,term-mandrake-c5944ac299#mandrake
seed-citron,Citron,citron,medicinal-herb,curated-high-confidence-seed-term,301,298,169,298,169,3,nlm-digital-collections;project-gutenberg;wellcome-collection,botany;dietetics;domestic-medicine;herbal;household-health;hygiene;materia-medica;medical-botany;medicinal-plants;pharmacopoeia,Citron;Citrons;Citron Flowers,Seed;Flower;Root;Fruit;Leaf,Juice;Powder;Oil;Syrup;Essence,Cold or catarrh;Fever;Vomiting or nausea;Epilepsy or convulsions;Diarrhoea or looseness,Dose caution;Toxicity watch;Child-use caution;Bleeding caution;Fatal-risk warning,wellcome-dn7yrsvs;wellcome-ms79ffge;nlm-2751057R;pg-49513;wellcome-v2hnvyj6,term-citron-191f148d3d#citron
seed-plantain,Plantain (Plantago),plantain,medicinal-herb,manual-curator-promoted-specific-family,299,291,157,291,157,2,nlm-digital-collections;project-gutenberg;wellcome-collection,botany;domestic-medicine;herbal;household-health;hygiene;materia-medica;medical-botany;medicinal-plants;nursing;pharmacopoeia,Plantain (Plantago);Plantain,Root;Leaf;Seed;Flower;Bark,Juice;Powder;Oil;Decoction;Tea,Wounds or ulcers;Fever;Cold or catarrh;Cough;Consumption,Dose caution;Toxicity watch;Child-use caution;Narcotic or sedative caution;Abortifacient warning,wellcome-ujbsp48n;nlm-61820150R;wellcome-dvdzaqep;wellcome-c4ncu7qz;pg-49513,term-plantain-de0cb49945#plantain
seed-laurel,Laurel,laurel,medicinal-herb,curated-high-confidence-seed-term,303,290,150,290,150,2,nlm-digital-collections;project-gutenberg;wellcome-collection,botany;convalescence;dietetics;domestic-medicine;herbal;household-health;hygiene;materia-medica;medical-botany;medicinal-plants;pharmacopoeia;public-health,Laurel;Laurel Berries,Leaf;Berry;Seed;Flower;Fruit,Oil;Powder;Ointment;Plaster;Tea,Cold or catarrh;Cough;Wounds or ulcers;Colic;Diarrhoea or looseness,Narcotic or sedative caution;Toxicity watch;Dose caution;Child-use caution;Allergy or sensitivity caution,wellcome-ujbsp48n;wellcome-vcp6d7za;wellcome-yfu6989c;wellcome-ctkumbc4;wellcome-vqbthhd7,term-laurel-74a2a3d228#laurel
seed-blackberry,Blackberry,blackberry,medicinal-herb,curated-high-confidence-seed-term,267,252,139,252,139,2,nlm-digital-collections;project-gutenberg;wellcome-collection,botanic-medicine;botany;convalescence;dietetics;domestic-medicine;herbal;household-health;hygiene;materia-medica;medical-botany;medicinal-plants;nursing;pharmacopoeia,Blackberry;Blackberries,Root;Bark;Leaf;Berry;Gum,Syrup;Decoction;Tea;Cordial;Tincture,Diarrhoea or looseness;Dysentery;Cold or catarrh;Wounds or ulcers;Cholera,Dose caution;Child-use caution;Bleeding caution;Narcotic or sedative caution;Toxicity watch,nlm-63570990R;nlm-0140313;wellcome-xrjheg64;nlm-100912803;nlm-61750800R,term-blackberry-fc7647bee7#blackberry
seed-barberry,Barberry,barberry,medicinal-herb,curated-high-confidence-seed-term,254,249,135,249,135,2,nlm-digital-collections;project-gutenberg;wellcome-collection,botanic-medicine;botany;domestic-medicine;herbal;household-health;hygiene;materia-medica;medical-botany;medicinal-plants;nursing;pharmacopoeia,Barberry;Barberries,Bark;Root;Seed;Leaf;Gum,Juice;Syrup;Powder;Tea;Extract,Cough;Fever;Cold or catarrh;Wounds or ulcers;Diarrhoea or looseness,Dose caution;Narcotic or sedative caution;Bleeding caution;Child-use caution;Toxicity watch,wellcome-ujbsp48n;wellcome-nr9dehnu;wellcome-jksmvzyw;wellcome-gfchkr25;wellcome-e58dfqw4,term-barberry-0f5f1164ed#barberry
seed-broom,Broom,broom,medicinal-herb,curated-high-confidence-seed-term,267,249,145,249,145,2,nlm-digital-collections;project-gutenberg;wellcome-collection,botany;dietetics;domestic-medicine;herbal;household-health;hygiene;materia-medica;medical-botany;medicinal-plants;pharmacopoeia,Broom;Broom Tops,Tops;Root;Seed;Bark;Flower,Decoction;Extract;Infusion;Juice;Powder,Dropsy;Rheumatism;Cold or catarrh;Vomiting or nausea;Epilepsy or convulsions,Dose caution;Toxicity watch;Narcotic or sedative caution;Fatal-risk warning;Bleeding caution,wellcome-agdnfevh;nlm-2751057R;wellcome-jmh3m2rt;wellcome-a7hj5sbp;wellcome-rg6kdhef,term-broom-100a07d1e4#broom
seed-sumach,Sumach,sumach,medicinal-herb,curated-high-confidence-seed-term,250,243,115,243,115,2,nlm-digital-collections;project-gutenberg;wellcome-collection,botanic-medicine;botany;dietetics;domestic-medicine;herbal;household-health;hygiene;materia-medica;medical-botany;medicinal-plants;nursing;pharmacopoeia,Sumach;Sumach Berries,Berry;Bark;Root;Leaf;Seed,Tea;Powder;Decoction;Oil;Poultice,Wounds or ulcers;Dysentery;Fever;Rheumatism;Cold or catarrh,Dose caution;Toxicity watch;Child-use caution;Narcotic or sedative caution;Pregnancy caution,nlm-64220920R;wellcome-yvn7kra7;wellcome-rt52bskh;nlm-2558003RX2;nlm-63580630R,term-sumach-d4b5ca89ec#sumach
seed-boneset,Boneset,boneset,medicinal-herb,manual-curator-promoted-specific-family,247,239,83,239,83,1,nlm-digital-collections;project-gutenberg;wellcome-collection,botanic-medicine;botany;convalescence;dietetics;domestic-medicine;herbal;household-health;hygiene;materia-medica;medical-botany;medicinal-plants;nursing,Boneset,Root;Leaf;Bark;Flower;Seed,Tea;Infusion;Powder;Emetic;Tincture,Cold or catarrh;Fever;Vomiting or nausea;Cough;Inflammation,Dose caution;Narcotic or sedative caution;Allergy or sensitivity caution;Bleeding caution;Child-use caution,wellcome-jamxx58n;nlm-63620310R;nlm-64210120RX1;wellcome-thwh6g2c;nlm-63580630R,term-boneset-7df02669e9#boneset
seed-fig,Fig,fig,medicinal-herb,curated-high-confidence-seed-term,236,235,143,235,143,2,nlm-digital-collections;project-gutenberg;wellcome-collection,botany;dietetics;domestic-medicine;herbal;household-health;hygiene;materia-medica;medicinal-plants;nursing;pharmacopoeia,Fig;Figs,Root;Seed;Leaf;Gum;Bark,Decoction;Gargle;Syrup;Powder;Liniment,Inflammation;Fever;Wounds or ulcers;Cold or catarrh;Cough,Dose caution;Fatal-risk warning;Child-use caution;Bleeding caution;Narcotic or sedative caution,wellcome-kxejz6hv;wellcome-huy37jgb;nlm-1310561;nlm-8212770;nlm-2544050R,term-fig-8c39c63488#fig
seed-tansy,Tansy,tansy,medicinal-herb,manual-curator-promoted-specific-family,232,229,169,229,169,1,nlm-digital-collections;project-gutenberg;wellcome-collection,botanic-medicine;botany;dietetics;domestic-medicine;herbal;household-health;hygiene;materia-medica;medical-botany;medicinal-plants;nursing;pharmacopoeia;public-health,Tansy,Flower;Root;Tops;Leaf;Seed,Infusion;Tea;Oil;Powder;Decoction,Cold or catarrh;Gout;Vomiting or nausea;Diarrhoea or looseness;Fever,Dose caution;Child-use caution;Narcotic or sedative caution;Fatal-risk warning;Abortifacient warning,wellcome-q648cs3p;nlm-8004761;nlm-63570990R;nlm-100912803;nlm-0140313,term-tansy-be5930d788#tansy
seed-dogwood,Dogwood,dogwood,medicinal-herb,curated-high-confidence-seed-term,220,211,106,211,106,2,nlm-digital-collections;project-gutenberg;wellcome-collection,botanic-medicine;botany;domestic-medicine;herbal;household-health;hygiene;materia-medica;medical-botany;medicinal-plants;nursing;pharmacopoeia,Dogwood;Dogwood Berries,Bark;Root;Berry;Flower;Gum,Tea;Powder;Extract;Decoction;Infusion,Fever;Cold or catarrh;Cough;Colic;Diarrhoea or looseness,Dose caution;Narcotic or sedative caution;Child-use caution;Bleeding caution;Toxicity watch,nlm-0140313;nlm-63570990R;nlm-100912803;nlm-63560880R;nlm-61820150R,term-dogwood-09f5936097#dogwood
seed-myrtle,Myrtle,myrtle,medicinal-herb,curated-high-confidence-seed-term,228,205,89,205,89,3,nlm-digital-collections;project-gutenberg;wellcome-collection,botany;dietetics;domestic-medicine;herbal;household-health;hygiene;materia-medica;medicinal-plants;pharmacopoeia,Myrtle;Myrtles;Myrtle Berries,Berry;Leaf;Gum;Root;Seed,Oil;Powder;Syrup;Juice;Decoction,Cold or catarrh;Wounds or ulcers;Inflammation;Consumption;Fever,Narcotic or sedative caution;Bleeding caution;Dose caution;Toxicity watch;Child-use caution,wellcome-ujbsp48n;wellcome-kxejz6hv;wellcome-ms79ffge;wellcome-e8fn752s;wellcome-c4ncu7qz,term-myrtle-24c8750f24#myrtle
seed-onion,Onion,onion,medicinal-herb,curated-high-confidence-seed-term,213,205,118,205,118,2,nlm-digital-collections;project-gutenberg;wellcome-collection,botanic-medicine;botany;convalescence;dietetics;domestic-medicine;herbal;household-health;hygiene;materia-medica;medical-botany;medicinal-plants;nursing;pharmacopoeia,Onion;Onions,Root;Seed;Leaf;Bark;Flower,Juice;Poultice;Tea;Syrup;Oil,Cold or catarrh;Cough;Wounds or ulcers;Fever;Vomiting or nausea,Child-use caution;Dose caution;Narcotic or sedative caution;Toxicity watch;Allergy or sensitivity caution,nlm-54410330R;nlm-64230290R;wellcome-ug842bt7;wellcome-vcp6d7za;nlm-63560930R,term-onion-2889716716#onion
seed-comfrey,Comfrey,comfrey,medicinal-herb,manual-curator-promoted-specific-family,212,203,116,203,116,1,nlm-digital-collections;project-gutenberg;wellcome-collection,botanic-medicine;botany;dietetics;domestic-medicine;herbal;household-health;hygiene;materia-medica;medical-botany;medicinal-plants;nursing;pharmacopoeia,Comfrey,Root;Leaf;Flower;Bark;Seed,Syrup;Powder;Tea;Decoction;Oil,Cough;Cold or catarrh;Wounds or ulcers;Diarrhoea or looseness;Consumption,Dose caution;Bleeding caution;Toxicity watch;Narcotic or sedative caution;Child-use caution,wellcome-ujbsp48n;nlm-64220910R;nlm-63560150R;nlm-63580630R;nlm-0140313,term-comfrey-2ee2688642#comfrey
seed-cherry,Cherry,cherry,medicinal-herb,curated-high-confidence-seed-term,200,196,119,196,119,2,nlm-digital-collections;project-gutenberg;wellcome-collection,botanic-medicine;botany;convalescence;dietetics;domestic-medicine;herbal;household-health;hygiene;materia-medica;medical-botany;medicinal-plants;nursing;pharmacopoeia,Cherry;Cherries,Bark;Root;Leaf;Flower;Gum,Syrup;Oil;Cordial;Tea;Powder,Fever;Cold or catarrh;Cough;Diarrhoea or looseness;Wounds or ulcers,Dose caution;Child-use caution;Bleeding caution;Narcotic or sedative caution;Toxicity watch,nlm-63560880R;wellcome-ujbsp48n;wellcome-gfchkr25;nlm-9435910;wellcome-mv32s6ry,term-cherry-2daf0e6c79#cherry
seed-witch-hazel,Witch Hazel,witch hazel,medicinal-herb,manual-curator-promoted-specific-family,194,188,85,188,85,2,nlm-digital-collections;project-gutenberg;wellcome-collection,botanic-medicine;botany;dietetics;domestic-medicine;herbal;household-health;hygiene;materia-medica;medicinal-plants;nursing;pharmacopoeia,Witch Hazel;Witch-hazel,Leaf;Bark;Root;Berry;Seed,Tea;Powder;Extract;Wash;Tincture,Wounds or ulcers;Cold or catarrh;Inflammation;Fever;Dysentery,Dose caution;Bleeding caution;Narcotic or sedative caution;Child-use caution;Allergy or sensitivity caution,wellcome-jamxx58n;wellcome-vqbthhd7;nlm-64220920R;wellcome-yvn7kra7;wellcome-rt52bskh,term-witch-hazel-6e73368466#witch-hazel
seed-nettle,Nettle,nettle,medicinal-herb,curated-high-confidence-seed-term,180,177,108,177,108,2,nlm-digital-collections;project-gutenberg;wellcome-collection,botanic-medicine;botany;dietetics;domestic-medicine;herbal;household-health;hygiene;materia-medica;medicinal-plants;pharmacopoeia,Nettle;Nettles,Root;Seed;Leaf;Flower;Bark,Juice;Tea;Decoction;Oil;Powder,Inflammation;Cold or catarrh;Vomiting or nausea;Wounds or ulcers;Fever,Bleeding caution;Child-use caution;Dose caution;Toxicity watch;Narcotic or sedative caution,nlm-61820150R;wellcome-ujbsp48n;wellcome-dvdzaqep;wellcome-agdnfevh;nlm-2751057R,term-nettle-58f71bec3c#nettle
seed-cucumber,Cucumber,cucumber,medicinal-herb,curated-high-confidence-seed-term,179,176,146,176,146,2,nlm-digital-collections;project-gutenberg;wellcome-collection,botany;domestic-medicine;herbal;household-health;hygiene;materia-medica;medical-botany;medicinal-plants;nursing;pharmacopoeia,Cucumber;Cucumbers,Seed;Root;Leaf;Bark;Fruit,Juice;Oil;Decoction;Ointment;Infusion,Cold or catarrh;Wounds or ulcers;Epilepsy or convulsions;Cough;Colic,Dose caution;Child-use caution;Fatal-risk warning;Pregnancy caution;Allergy or sensitivity caution,wellcome-ujbsp48n;nlm-63610340R;nlm-101646220;nlm-101646240;nlm-101646219,term-cucumber-dd832404e8#cucumber
seed-madder,Madder,madder,medicinal-herb,curated-high-confidence-seed-term,176,172,121,172,121,2,nlm-digital-collections;project-gutenberg;wellcome-collection,botanic-medicine;botany;dietetics;domestic-medicine;herbal;household-health;hygiene;materia-medica;medical-botany;medicinal-plants;nursing;pharmacopoeia,Madder;Madders,Root;Leaf;Gum;Flower;Seed,Powder;Oil;Decoction;Tea;Juice,Gout;Inflammation;Wounds or ulcers;Cold or catarrh;Diarrhoea or looseness,Dose caution;Narcotic or sedative caution;Child-use caution;Bleeding caution;Pregnancy caution,wellcome-ujbsp48n;pg-49513;nlm-61730020R;wellcome-agdnfevh;nlm-7704741,term-madder-8572cbd7ee#madder
seed-hyssop,Hyssop,hyssop,medicinal-herb,manual-curator-promoted-specific-family,176,168,114,168,114,1,nlm-digital-collections;project-gutenberg;wellcome-collection,botany;domestic-medicine;herbal;household-health;hygiene;materia-medica;medical-botany;medicinal-plants;nursing;pharmacopoeia;public-health,Hyssop,Root;Leaf;Seed;Flower;Tops,Syrup;Tea;Oil;Infusion;Ointment,Cough;Cold or catarrh;Asthma;Fever;Inflammation,Dose caution;Child-use caution;Narcotic or sedative caution;Bleeding caution;Fatal-risk warning,wellcome-ujbsp48n;wellcome-fwzua59q;wellcome-ctkumbc4;wellcome-yyu6fnvg;nlm-63570620R,term-hyssop-8f945ee60b#hyssop
seed-pine,Pine,pine,medicinal-herb,curated-high-confidence-seed-term,171,161,93,161,93,2,nlm-digital-collections;project-gutenberg;wellcome-collection,botany;cultivation;dietetics;domestic-medicine;herbal;hygiene;materia-medica;medical-botany;medicinal-plants;nursing;pharmacopoeia,Pine;Pines,Resin;Leaf;Root;Bark;Gum,Oil;Plaster;Ointment;Juice;Powder,Wounds or ulcers;Cold or catarrh;Rheumatism;Consumption;Cough,Dose caution;Narcotic or sedative caution;Allergy or sensitivity caution;Child-use caution;Bleeding caution,wellcome-t4wudf9r;nlm-2561028R;wellcome-dz26ymj8;wellcome-c3u76kss;wellcome-thffwdwr,term-pine-d292237213#pine
seed-dock,Dock,dock,medicinal-herb,curated-high-confidence-seed-term,166,159,107,159,107,2,nlm-digital-collections;project-gutenberg;wellcome-collection,botanic-medicine;botany;cultivation;domestic-medicine;herbal;household-health;hygiene;materia-medica;medical-botany;medicinal-plants;nursing;pharmacopoeia,Dock;Docks,Root;Flower;Bark;Leaf;Seed,Ointment;Juice;Decoction;Powder;Tea,Wounds or ulcers;Cold or catarrh;Inflammation;Fever;Dysentery,Dose caution;Fatal-risk warning;Child-use caution;Toxicity watch;Allergy or sensitivity caution,wellcome-ujbsp48n;wellcome-gfchkr25;nlm-63560150R;wellcome-b6mx8n3x;nlm-64220910R,term-dock-a864ed013d#dock
seed-mullein,Mullein,mullein,medicinal-herb,manual-curator-promoted-specific-family,167,155,77,155,77,1,nlm-digital-collections;project-gutenberg;wellcome-collection,botany;dietetics;domestic-medicine;herbal;household-health;hygiene;materia-medica;medicinal-plants;nursing;pharmacopoeia,Mullein,Leaf;Root;Flower;Bark;Seed,Oil;Decoction;Tea;Ointment;Poultice,Cold or catarrh;Inflammation;Cough;Fever;Wounds or ulcers,Dose caution;Child-use caution;Allergy or sensitivity caution;Narcotic or sedative caution;Bleeding caution,nlm-63610340R;wellcome-yyu6fnvg;nlm-8004761;pg-19352;wellcome-x58me7h2,term-mullein-a1df7ca7a5#mullein
seed-apple,Apple,apple,medicinal-herb,curated-high-confidence-seed-term,149,149,113,149,113,1,nlm-digital-collections;project-gutenberg;wellcome-collection,botany;dietetics;domestic-medicine;herbal;household-health;hygiene;materia-medica;medical-botany;medicinal-plants;nursing;pharmacopoeia,Apple,Fruit;Root;Berry;Leaf;Seed,Tea;Juice;Decoction;Oil;Poultice,Fever;Cold or catarrh;Vomiting or nausea;Asthma;Wounds or ulcers,Child-use caution;Dose caution;Narcotic or sedative caution;Toxicity watch;Bleeding caution,wellcome-yyu6fnvg;wellcome-x58me7h2;pg-19352;nlm-63610340R;nlm-63570990R,term-apple-3a7bd3e236#apple
seed-horehound,Horehound,horehound,medicinal-herb,manual-curator-promoted-specific-family,165,149,118,149,118,1,nlm-digital-collections;project-gutenberg;wellcome-collection,botany;domestic-medicine;herbal;household-health;hygiene;materia-medica;medical-botany;medicinal-plants;pharmacopoeia,Horehound,Leaf;Root;Seed;Flower;Tops,Syrup;Infusion;Oil;Juice;Tea,Cough;Cold or catarrh;Consumption;Fever;Wounds or ulcers,Dose caution;Narcotic or sedative caution;Toxicity watch;Child-use caution;Bleeding caution,wellcome-ujbsp48n;wellcome-fwzua59q;nlm-2751057R;wellcome-vcp6d7za;wellcome-f9769f9b,term-horehound-ee38282a0c#horehound
seed-bitter-orange,Bitter Orange,bitter orange,medicinal-herb,curated-high-confidence-seed-term,138,136,127,136,127,2,nlm-digital-collections;project-gutenberg;wellcome-collection,botany;domestic-medicine;herbal;household-health;hygiene;materia-medica;nursing;pharmacopoeia,Bitter Orange;Bitter Oranges,Gum;Flower;Fruit;Leaf;Root,Juice;Oil;Essence;Tea;Syrup,Cold or catarrh;Fever;Wounds or ulcers;Cough,Dose caution;Bleeding caution;Child-use caution,wellcome-kxejz6hv;wellcome-vcp6d7za;nlm-0217316;nlm-2544043R;nlm-2544042R,term-bitter-orange-0b01d6a307#bitter orange
seed-wild-valerian,Wild Valerian,wild valerian,medicinal-herb,manual-curator-promoted-specific-family,123,118,83,118,83,1,nlm-digital-collections;wellcome-collection,botany;domestic-medicine;herbal;materia-medica;pharmacopoeia,Wild Valerian,Root;Leaf;Seed;Bark;Gum,Powder;Gargle;Oil;Tincture;Infusion,Cold or catarrh;Epilepsy or convulsions;Diarrhoea or looseness;Vomiting or nausea;Dysentery,Narcotic or sedative caution;Dose caution;Bleeding caution;Child-use caution;Pregnancy caution,wellcome-tbt9dxgq;wellcome-m7ynte5e;wellcome-hqjgqauu;wellcome-b4n9x8yx;wellcome-hhhxg64u,term-wild-valerian-c88f44ade4#wild valerian
seed-yarrow,Yarrow,yarrow,medicinal-herb,manual-curator-promoted-specific-family,107,102,52,102,52,2,nlm-digital-collections;project-gutenberg;wellcome-collection,botany;domestic-medicine;herbal;household-health;materia-medica;medical-botany;medicinal-plants;nursing;pharmacopoeia,Yarrow;Yarrow Herb,Root;Leaf;Flower;Bark;Seed,Tea;Decoction;Bath;Juice;Powder,Cold or catarrh;Wounds or ulcers;Fever;Rheumatism;Inflammation,Dose caution;Narcotic or sedative caution;Bleeding caution;Child-use caution;Fatal-risk warning,wellcome-uxdk9z56;wellcome-vstpu4mt;wellcome-jksmvzyw;wellcome-ajcphwk7;wellcome-gsucg5br,term-yarrow-efd764d832#yarrow
seed-wild-indigo,Wild Indigo,wild indigo,medicinal-herb,manual-curator-promoted-specific-family,86,82,41,82,41,1,nlm-digital-collections;project-gutenberg;wellcome-collection,botanic-medicine;botany;dietetics;domestic-medicine;herbal;household-health;hygiene;materia-medica;medicinal-plants;nursing;pharmacopoeia,Wild Indigo,Root;Bark;Leaf;Flower;Gum,Poultice;Decoction;Tea;Tincture;Powder,Wounds or ulcers;Inflammation;Cold or catarrh;Dysentery;Diarrhoea or looseness,Dose caution;Child-use caution;Narcotic or sedative caution;Fatal-risk warning;Allergy or sensitivity caution,nlm-8004761;nlm-63580630R;nlm-63570990R;nlm-0140313;nlm-61660590R,term-wild-indigo-bf57ab579d#wild indigo
seed-wild-lettuce,Wild Lettuce,wild lettuce,medicinal-herb,manual-curator-promoted-specific-family,81,81,40,81,40,1,nlm-digital-collections;wellcome-collection,botanic-medicine;botany;dietetics;domestic-medicine;herbal;household-health;hygiene;materia-medica;medicinal-plants;nursing;pharmacopoeia,Wild Lettuce,Root;Berry;Flower;Leaf;Bark,Tea;Juice;Syrup;Tincture;Extract,Wounds or ulcers;Cold or catarrh;Inflammation;Dropsy;Cholera,Narcotic or sedative caution;Dose caution;Child-use caution;Allergy or sensitivity caution,nlm-9435910;wellcome-mv32s6ry;wellcome-q59tmjuk;nlm-7704741;nlm-61650830R,term-wild-lettuce-305ad55c26#wild lettuce
seed-blue-cohosh,Blue Cohosh,blue cohosh,medicinal-herb,manual-curator-promoted-specific-family,76,69,28,69,28,1,nlm-digital-collections;wellcome-collection,botanic-medicine;botany;domestic-medicine;herbal;household-health;hygiene;materia-medica;medicinal-plants;nursing;pharmacopoeia,Blue Cohosh,Root;Bark;Berry;Flower;Leaf,Tincture;Tea;Powder;Extract;Decoction,Fever;Cold or catarrh;Colic;Epilepsy or convulsions;Rheumatism,Dose caution;Child-use caution;Narcotic or sedative caution;Pregnancy caution;Abortifacient warning,wellcome-jamxx58n;nlm-63580630R;nlm-61660590R;wellcome-f9769f9b;wellcome-aw843fyz,term-blue-cohosh-eb9d962529#blue cohosh
seed-prune,Prune,prune,medicinal-herb,curated-high-confidence-seed-term,9,9,8,9,8,2,nlm-digital-collections;wellcome-collection,dietetics;domestic-medicine;herbal;hygiene;materia-medica;pharmacopoeia;public-health,Prune;Prune-,Fruit;Berry;Flower;Gum;Root,Juice;Infusion;Tea;Essence;Extract,Fever;Cold or catarrh;Asthma;Consumption;Diarrhoea or looseness,Child-use caution;Dose caution;Fatal-risk warning;Pregnancy caution,nlm-63580630R;nlm-101515274;wellcome-vap2a7m4;wellcome-zeubyvsm;wellcome-jt4unq8f,term-prune-207a08ebc5#prune
